"Data Source","World Development Indicators",

"Last Updated Date","2026-04-08",

"Country Name","Country Code","Indicator Name","Indicator Code","1960","1961","1962","1963","1964","1965","1966","1967","1968","1969","1970","1971","1972","1973","1974","1975","1976","1977","1978","1979","1980","1981","1982","1983","1984","1985","1986","1987","1988","1989","1990","1991","1992","1993","1994","1995","1996","1997","1998","1999","2000","2001","2002","2003","2004","2005","2006","2007","2008","2009","2010","2011","2012","2013","2014","2015","2016","2017","2018","2019","2020","2021","2022","2023","2024","2025",
"Aruba","ABW","Adjusted net national income per capita (current US$)","NY.ADJ.NNTY.PC.CD","","","","","","","","","","","","","","","","","","","","","","","","","","","6012.03062940503","7222.69489135401","8812.50360934308","10218.9620305927","10896.2755697685","11848.6811671204","12414.409677618","13041.8645275877","14262.9963666872","14572.2832658615","14590.028869123","15480.9117246114","16674.1609143795","16789.7339890529","18299.4364967131","17979.8881895396","17619.8718578546","19081.501084042","20422.2242920884","16794.3868236085","21180.0594754113","20093.6724534741","24097.9467110425","21733.0746173795","20212.2439423195","20565.9352608544","21395.3346349053","21530.6779301546","22415.9932500023","23278.8227270299","23167.7123061073","23716.2378742097","24187.0664613255","26027.0171242373","20584.7912597757","24724.8665721459","","","","",
"Africa Eastern and Southern","AFE","Adjusted net national income per capita (current US$)","NY.ADJ.NNTY.PC.CD","","","","","","","","","","","","","","","","","","","","","","558.715020189731","506.797522328134","535.25660439374","482.196808598474","381.313336208986","408.924157489488","492.501737852496","519.596870187029","529.273237998508","570.645599281435","595.932985401626","576.080259677687","558.187514167852","550.925184539003","608.611982071987","599.423243883909","616.256014747348","565.066075470549","547.993087448084","571.548507884481","494.650657197329","489.417347982482","645.671936138345","786.349188811441","878.766041988652","937.455585007485","1000.66128063249","979.32184430628","1068.49685024245","1220.23399789129","1323.05304800209","1326.05782057498","1310.1552721566","1326.71285324634","1222.00757893164","1154.55476086437","1298.11640926511","1241.67459710128","1212.68901253397","1098.09261098553","1214.87328241925","","","","",
"Afghanistan","AFG","Adjusted net national income per capita (current US$)","NY.ADJ.NNTY.PC.CD","","","","","","","","","","","147.709169161352","150.772962595376","128.296488882664","135.151412518198","163.370030318147","173.577068067591","183.125316371593","207.427049893525","227.638310595613","253.880571749312","257.82263205199","272.978992094199","","","","","","","","","","","","","","","","","","","","","","","","","","","","403.411183496525","505.230192626939","566.66810049764","605.752003662601","597.356158043866","575.916815423607","548.968454484921","484.890589729187","497.406028699116","466.570601616442","468.403505762558","475.718084233299","340.523243575066","","","","",
"Africa Western and Central","AFW","Adjusted net national income per capita (current US$)","NY.ADJ.NNTY.PC.CD","","","","","","","","","","","195.831756313554","138.579989812954","162.296827888586","193.783381476981","241.071581397497","290.188232892353","348.361405543823","346.829621529123","379.711152654349","389.932726011054","512.294771160643","1100.94926502326","967.515142009637","681.424205389902","539.170132150038","526.819093499245","487.17890259329","472.463750146487","465.720778099434","388.325393563044","439.709068186771","433.823165409412","419.612031059864","331.658983252041","284.151984700549","348.836859689892","376.618351776368","374.058753947491","387.574400404258","405.796237319428","358.355656441257","389.309172683286","466.755195365656","518.033501460882","614.580860912903","714.156914336222","951.89695260999","1072.39305413939","1255.7105669762","1138.73992492208","1250.20327259336","1344.99506657198","1451.21938772724","1642.52711906952","1797.19322673774","1553.65415750155","1366.27021097477","1286.95689938616","1382.67500505744","1412.16767322941","1374.44485977008","1393.44231755267","","","","",
"Angola","AGO","Adjusted net national income per capita (current US$)","NY.ADJ.NNTY.PC.CD","","","","","","","","","","","","","","","","","","","","","","","","","","555.911493753967","570.539647163951","494.149930590605","467.002725439816","676.786237902672","572.331758322742","696.552720278739","76.4838071122152","90.243763925886","15.7325786541109","183.859483431441","211.60316859914","269.44886967616","256.446055560045","166.396580526252","201.408987854966","254.31592168361","553.306685097135","659.926923076585","779.472756094735","1019.35264174305","1377.04750503861","1478.4063251158","1516.98612035442","1870.28744759066","1874.74828012534","2463.65471862411","2865.33333780367","3185.33364049508","3486.75310038908","2371.99561912402","1206.04353662907","1500.33574073929","1506.72537062869","1327.80344902045","1100.21749579316","1231.92513309873","","","","",
"Albania","ALB","Adjusted net national income per capita (current US$)","NY.ADJ.NNTY.PC.CD","","","","","","","","","","","","","","","","","","","","","","","","","511.604863994448","511.137515594665","571.545431362371","550.389888480564","520.80485644553","560.432668363939","491.207828065785","250.883167599471","136.05456779476","316.128432130117","508.952316437995","669.043649546814","914.573037886509","643.215894620855","749.072786404266","949.097159329714","1038.95668573873","1186.74338268123","1308.21655164817","1699.39248932487","2171.04442045365","2437.80154959898","2742.93361073877","3229.97720153639","3830.34092728254","3517.60915298582","3509.84273933796","3753.96548548714","3571.24661350673","3862.00100943984","4004.12740695725","3457.09318853429","3707.95938301173","4047.11097478598","4771.4656706009","4848.49843266129","4851.4298209181","5943.36134111783","","","","",
"Andorra","AND","Adjusted net national income per capita (current US$)","NY.ADJ.NNTY.PC.CD","","","","","","","","","","","","","","","","","","","","","","","","","","","","","","","","","","","","","","","","","","","","","","","","","","","","","","","","","","","","","","","","","","",
"Arab World","ARB","Adjusted net national income per capita (current US$)","NY.ADJ.NNTY.PC.CD","","","","","","","","","","","","","","","","","","","","","1406.24744437969","1531.78003338266","1538.22481134481","1427.5540920067","1387.06887884169","1338.18910666698","1311.87873050139","1322.27904091183","1302.07861084559","1303.71327529038","1711.76771229436","1647.26651529978","1773.45695239102","1731.24335409086","1712.37830862874","1850.81357623445","1953.15900278961","2080.18418496834","2017.24494861519","2151.65750772422","2318.13707051144","2256.19291805848","2236.35782951755","2368.11542061015","2715.23228101777","3163.27430321796","3699.55575239999","4258.67318884501","5128.37992800854","4575.86469188951","5202.45108683885","5351.76302645877","5788.83978617351","5816.73112332613","5871.90656839461","5219.88246019688","5132.95012507738","5138.89411886284","5327.29573919465","5301.29420934382","4727.76208631425","","","","","",
"United Arab Emirates","ARE","Adjusted net national income per capita (current US$)","NY.ADJ.NNTY.PC.CD","","","","","","","","","","","","","","","","","","","","","","","","","","","","","","","","","","","","","","","","","27273.9591576502","25741.3083522085","24733.5163360987","26025.9666784017","29367.5892166255","32829.5568203638","37719.5310987804","39986.8541720853","42200.7742013122","32273.1223960587","37615.0752928902","43434.61702074","45968.1522391585","46197.4104149389","46014.762417163","39877.4180425213","38136.5200928587","38984.6967149319","41349.3459632053","40195.6918623453","33903.4342222379","","","","","",
"Argentina","ARG","Adjusted net national income per capita (current US$)","NY.ADJ.NNTY.PC.CD","","","","","","","","","","","1198.50298256961","1305.18069009907","1299.39775066718","1971.96644324083","2648.51669614368","1893.95270371403","1785.7857940804","1944.39799182956","1945.74187719791","2223.86594162059","2404.41303172113","2391.51787255383","2470.89455567895","3019.56471388369","2260.95768234999","2484.67287973919","3168.21181514082","3099.95638328893","3479.59494480442","1921.6102834084","3682.8700868946","5022.47844832387","6055.31341554925","6175.97567066052","6561.21005348244","6373.77448402385","6673.0112057081","7048.46252075139","7085.44992608178","6523.52890675623","6406.18525429777","5979.26376052811","1987.6868785557","2692.26640866572","3194.70823444257","3797.81840518292","4876.98577547155","6089.63514482018","7545.53378699695","6808.99587703843","8565.3662972312","10604.5815493984","10774.0929660292","10811.8698739139","10181.068967686","11668.4363712122","10789.0752361646","12508.8260126261","9844.1016409587","8237.6981192802","7241.03030233067","9092.08560830429","","","","",
"Armenia","ARM","Adjusted net national income per capita (current US$)","NY.ADJ.NNTY.PC.CD","","","","","","","","","","","","","","","","","","","","","","","","","","","","","","","","","","","","390.636506595699","426.738067829575","454.371315134657","519.540562046365","509.572033196819","516.236396537819","575.036827621331","644.454272672448","775.370297985122","1012.34513954411","1404.74990032382","1871.85388833285","2742.2644353312","3546.08423602177","2583.61613061685","2758.45814291575","2999.03360449679","3172.03440849408","3409.88671346962","3524.89087138158","3150.66954352232","3108.22044979775","3475.20434794516","3687.29152233789","4019.85844444165","3617.03199044272","3790.56480898451","","","","",
"American Samoa","ASM","Adjusted net national income per capita (current US$)","NY.ADJ.NNTY.PC.CD","","","","","","","","","","","","","","","","","","","","","","","","","","","","","","","","","","","","","","","","","","","","","","","","","","","","","","","","","","","","","","","","","","",
"Antigua and Barbuda","ATG","Adjusted net national income per capita (current US$)","NY.ADJ.NNTY.PC.CD","","","","","","","","","","","","","","","","","","","","","","","","","","","","","","","","","","","","","","","","","","","","","","","","","","","","","","","","","","","","","","","","","","",
"Australia","AUS","Adjusted net national income per capita (current US$)","NY.ADJ.NNTY.PC.CD","","","","","","","","","","","2692.518583939","2843.53999578725","3265.21803706392","3961.9725580704","5350.45667030888","5800.84457244687","6205.38118007519","6336.90327976791","6735.98854894708","7428.28883191512","8172.98854551389","9728.45180116865","10258.1812789796","9380.93415442332","10074.8150596864","9142.59600268097","9054.96445180165","9257.534951424","11456.1792410258","14164.7447035504","14199.3838590817","14632.7086233586","14470.3100400954","13945.3983231542","14441.5394454548","16118.0465390039","17458.7387478999","18756.0527008555","17083.6828484947","16493.576034341","17264.5748283029","15632.6872788808","16161.3183536818","18933.2480801539","24524.4980341804","26918.7794818103","28348.2066374157","31382.2393639742","38072.6751896914","33482.7319025883","40434.7356960586","48363.1354657542","53605.7387158548","53871.5549340191","48732.9249252793","44512.5960291842","39077.6893174716","42069.0851472692","44204.1255021825","42130.8946366101","40036.4458219231","45710.8904505974","","","","",
"Austria","AUT","Adjusted net national income per capita (current US$)","NY.ADJ.NNTY.PC.CD","","","","","","","","","","","1761.3835796701","2033.97076127957","2497.41779108633","3332.0987124018","3957.52419192289","4500.81685160961","4855.45655602095","5800.34586899632","6956.92337174256","8311.17261466416","9175.13529370069","7864.49131458704","7896.85616485326","8040.73566627408","7571.96749919933","7740.78904142088","11018.2767609332","13792.3239790077","14880.0643679759","14792.5580327932","18400.4300612695","18906.0615202247","20999.6474181654","20251.0989411704","21546.5845640188","25386.4887277949","25025.5534198687","22282.1452635772","22789.9986892811","22355.1945001538","20391.6238651787","20142.9099925948","21920.5219775302","26718.4184396893","30611.249197044","31858.6160351506","33992.1804344707","39159.0057763079","43635.1099279055","39649.3948236994","39022.2561552357","42625.237354533","39980.6308392887","41694.0714086868","42465.7666055794","35811.6857751508","37196.1677474225","38441.7327185494","41651.8073903702","40712.5753412494","39515.5574069958","43281.7334797461","","","","",
"Azerbaijan","AZE","Adjusted net national income per capita (current US$)","NY.ADJ.NNTY.PC.CD","","","","","","","","","","","","","","","","","","","","","","","","","","","","","","","","","","","","","","","447.751764379502","427.796653636505","382.17217253398","456.27250166494","572.633618191897","673.190868703464","761.08273620035","947.140390652701","1378.44816504529","2062.96893153505","3092.1880393251","3275.46160334341","4040.20530953317","4784.73945434209","5294.53768774421","5674.20814037456","6051.69706201243","4460.30160976384","3029.30599861744","3226.15244834145","3414.82296711033","3656.14168229445","3530.66053678637","3965.42439576196","","","","",
"Burundi","BDI","Adjusted net national income per capita (current US$)","NY.ADJ.NNTY.PC.CD","","","","","","","","","","","","","","","","","","","","","166.789461423556","170.823108338109","165.410671459596","180.845032168256","158.840490260398","182.590449455953","180.657581878207","162.014743888077","150.462990437418","151.452960133289","146.491377681004","150.879239099215","133.255687050261","118.56690948446","111.547392641045","101.597054548526","80.4069077481385","98.6097163089847","85.6707972391051","89.7641247687208","98.6728780132622","87.9565345339658","73.8987474756856","49.4881781614816","67.1520143896122","85.525083263813","101.70743593661","87.2047435702503","99.4307718501921","108.884410449742","134.1301500021","140.049419442283","159.155192229332","164.079508952851","175.8240158029","202.04507771664","160.499497422314","160.789595809912","163.088119911741","152.586259145304","150.032182597845","150.932567422257","","","","",
"Belgium","BEL","Adjusted net national income per capita (current US$)","NY.ADJ.NNTY.PC.CD","","","","","","","","","","","2408.95421252438","2689.69925343756","3347.15561088914","4303.57042570107","5019.88332498271","5871.78415584449","6389.5774838489","7358.97285186276","8975.47871202541","10239.0788224273","10883.3947242157","8911.37543452817","7799.44050176518","7382.65052213961","7119.16282348307","7401.87739684633","10345.0142590748","12939.7677318167","14090.0418514213","14168.7899780675","17687.3722655193","18087.654765824","20048.8909289191","19260.132868141","21122.5391765204","24603.4106167395","23714.3239542788","21429.0674517853","21830.1196616998","21654.6247058331","19849.0863318723","19540.0712800529","21180.8623691088","25875.2457270526","29772.0140834378","30809.4826448051","32327.9315602045","36972.4891243131","40409.1579109223","36866.0491099004","36326.6393258806","38266.9837421049","36945.8409992463","38766.0380436211","39529.631063782","33799.7398337937","34528.4905949401","36341.1910737419","39046.7014085377","38340.1219991244","36801.2817418139","41743.0142804966","","","","",
"Benin","BEN","Adjusted net national income per capita (current US$)","NY.ADJ.NNTY.PC.CD","","","","","","","","","","","","95.1661730729043","114.944352066827","135.732005357933","146.510819833555","170.959445054117","171.930783608782","171.373468518842","210.487976983802","270.779706226556","310.561860152385","279.44408826926","251.912859537071","212.573488696271","194.523879339272","195.32097087239","240.017011759594","273.315816878737","275.288679354979","238.73349845203","303.874820767702","299.32191013937","231.782723172027","311.330625141885","193.157253444639","254.316994388878","268.467146347461","254.886162698839","271.41672268738","420.972694095942","394.708634276437","408.805241590461","463.440461099127","578.509263114238","652.484228299392","675.797168055236","701.27947704401","792.432260281043","922.457129343405","882.976826518664","835.803786457852","919.350508736559","938.478056583206","1038.96287861041","1075.70975879193","898.797038110268","906.433442302871","937.835739956926","1023.02610296719","1002.59329761825","1058.14490481897","1173.28565331485","","","","",
"Burkina Faso","BFA","Adjusted net national income per capita (current US$)","NY.ADJ.NNTY.PC.CD","","","","","","","","","","","","","","","","","","","","","262.454536618796","234.145984244249","224.213093705154","197.505668380849","174.693671991005","180.238162638776","229.876880237889","258.763592835677","277.780006961384","270.305324722463","312.17660624054","307.759135475926","321.126015083171","298.030271752039","170.150403952524","209.977954455594","224.306640322961","205.60606168065","228.006820220626","268.225695837768","232.918428589877","242.119634817582","264.275067234592","335.013691643721","371.920291106467","404.856448337693","418.271359588533","472.73163949114","564.584153863897","536.876298788017","536.407886584111","600.747705810979","629.012476457329","656.553164810002","653.937090156577","543.146065748372","574.459498721542","613.286785628855","677.404196251433","652.899836364066","683.939308916461","670.055139103883","","","","",
"Bangladesh","BGD","Adjusted net national income per capita (current US$)","NY.ADJ.NNTY.PC.CD","","","","","","","","","","","","","","101.216171220743","152.850226851241","229.554717812514","115.915634083737","105.721567746665","143.323648089771","165.974920404036","189.430685675337","210.185013056085","186.966795726541","175.435839181528","183.770072741639","209.015046122178","199.840128212344","218.970390367273","233.859121808139","248.096205859479","266.218550167246","256.332313624483","257.985356554961","265.911945849353","266.83260080536","294.021062585102","351.681785077277","359.979803114294","365.676950586215","368.631654638545","377.271681929373","373.945462492766","376.716240175324","408.638010979128","437.779663617171","461.19293360395","472.399016981675","523.447677871554","605.30816884109","672.110602481967","749.617087690298","826.613898000825","853.69080005025","949.520478634602","1068.92849745579","1194.18010735624","1580.77341984739","1712.10431001292","1869.93574257226","2186.77189399317","2305.85834488129","2567.44432056871","","","","",
"Bulgaria","BGR","Adjusted net national income per capita (current US$)","NY.ADJ.NNTY.PC.CD","","","","","","","","","","","","","","","","","","","","","1895.49149541373","1903.68100226944","1848.26143585388","1587.35892584244","1685.61249406093","1638.17814188141","1933.19209489474","2667.05602819169","2092.52086653271","2031.31074757625","1831.42677987872","955.523004265503","1029.51105039229","1079.92136033723","1001.33342096187","2062.43616404192","1321.48931445301","1231.0701941065","1600.71605552619","1439.82279793832","1373.01513260038","1546.24502547765","1857.50532570537","2371.1872791671","2944.82116586447","3338.79265351051","3734.94184005398","4613.52183071815","5971.73998792042","5759.80281082656","5620.27110440547","6408.16262013239","6243.72397865396","6516.286568748","6784.31106716898","5981.3406941062","6449.49938128713","7250.14239206952","8115.85562740379","8608.71424825069","8797.59335626854","10690.3143634493","","","","",
"Bahrain","BHR","Adjusted net national income per capita (current US$)","NY.ADJ.NNTY.PC.CD","","","","","","","","","","","","","","","","","","","","","1950.70827895055","3400.64148109487","5574.6620983629","5923.69658878941","5349.63329192931","3528.65272766583","3329.10415853547","3265.7549017471","4162.47280757566","3742.6526218485","4750.97282334897","6675.30203749877","6313.17926804203","6579.86163250552","7098.24242527048","7612.4752582214","7484.58486294143","7443.22899703869","7650.25839342714","7363.95613057523","9632.06984407326","9423.38974166774","9323.6759666618","10177.5681313885","11138.5123414286","12370.435613183","13343.3473441481","14993.4046608864","15798.9448977387","13040.1203775476","13750.0160713754","13337.4297215466","17582.5404744278","17578.9449539859","17356.5283014059","17082.5308115239","17718.3164217207","18086.8066139931","18232.2605525403","18906.7087821266","17252.7504486041","","","","","",
"Bahamas, The","BHS","Adjusted net national income per capita (current US$)","NY.ADJ.NNTY.PC.CD","","","","","","","","","","","","","","","","","","","","","4905.92088465337","5046.90647792561","5630.74399111382","6104.8211241919","7100.85293962449","7984.8656925776","8333.96981672341","9097.01216232394","9354.06383031447","10201.4732107061","10175.1927078181","9853.27024190431","9991.11505125511","9555.64446928197","9816.11592073374","12175.8603196901","13826.2581362277","18749.7764721188","19851.5572083832","22179.9438519761","22871.5462984818","23129.1207341585","24499.1499347921","24223.516834326","24444.9855954747","26202.6344811613","26525.710140237","27374.5659292091","27088.218891591","25106.3395909699","24819.0028258687","24499.0332071655","25926.4305288548","25023.3302802618","25846.802100963","26904.5487596835","26745.595576886","28368.9061285061","28200.1549127316","29667.7359491435","21910.3013243423","24896.4416058903","","","","",
"Bosnia and Herzegovina","BIH","Adjusted net national income per capita (current US$)","NY.ADJ.NNTY.PC.CD","","","","","","","","","","","","","","","","","","","","","","","","","","","","","","","","","","","264.44928004327","400.851777456305","635.815919367016","803.029959873098","1137.06790910671","1227.64647993958","1353.68677307823","1382.43950060812","1565.22634756478","1931.5926940086","2421.98208468817","2574.5494292313","2937.61875382251","3561.93572650694","4460.06215885733","4156.50504570392","3979.79131300303","4300.62730357366","3976.01113547479","4294.74784543346","4374.13683703953","3879.89630865561","4098.32302466888","4436.29409224332","5018.39917585716","5104.82014672678","5099.28497065888","6019.15369598799","","","","",
"Belarus","BLR","Adjusted net national income per capita (current US$)","NY.ADJ.NNTY.PC.CD","","","","","","","","","","","","","","","","","","","","","","","","","","","","","","","","","1418.26853203973","1366.90572392995","1255.83684731417","1161.48944531287","1228.20371485109","1174.45167233917","1284.18605114791","1021.48407277844","1077.72341662085","1057.56631010623","1261.96685721397","1558.58487207867","2024.72218370917","2676.13727395177","3274.49139349025","4001.68209021382","5353.01906035806","4480.50800060588","5017.31026339701","5460.29589525563","5735.83109017894","6490.27112693149","6842.25522471949","4824.41947817156","4055.47952046963","4690.77961248574","5139.38472293261","5563.11300876083","5200.94407492104","5812.02174051461","","","","",
"Belize","BLZ","Adjusted net national income per capita (current US$)","NY.ADJ.NNTY.PC.CD","","","","","","","","","","","","","","","","","","","","","1257.13780576318","1209.75684276623","1055.13445140077","1091.1800824554","1185.71399936997","1135.52415452653","1246.91846168183","1483.45973153896","1656.95079295965","1863.89492677016","2751.72201518204","2926.55613562218","3314.49862178511","3508.79617175734","3542.18189445962","3673.88658548155","3718.8105786873","3685.25728453529","3727.2740663889","3767.30698496804","3731.0630112765","3716.46419776707","3835.01887836952","3849.33481214137","3923.96850845319","4027.62753020606","4130.16074931148","4166.88710985005","3983.4384661934","4069.96992425135","3910.15309479702","4048.75840594849","4209.02923343129","4499.9489117998","4666.68756456791","4961.38964260391","4904.16882476215","4791.12050819095","4682.79460107878","4827.92232250741","4225.90043623901","4880.64188231215","","","","",
"Bermuda","BMU","Adjusted net national income per capita (current US$)","NY.ADJ.NNTY.PC.CD","","","","","","","","","","","","","","","","","","","","","","","","","","","","","","","","","","","","","","","","","","","","","","","","","","","","","","","","","","","","","","","","","","",
"Bolivia","BOL","Adjusted net national income per capita (current US$)","NY.ADJ.NNTY.PC.CD","","","","","","","","","","","","","","","","","467.959577749295","529.28820065789","588.820363172167","646.652540452193","615.633795884547","820.075596181998","759.50827308063","725.615080363969","818.457295970845","706.85142196177","509.738830749756","551.636466972138","566.447683280536","565.221521842731","578.183498772295","639.165807837661","670.024860660643","668.986811508345","682.757803467777","752.578189914459","820.195874815501","865.093556148561","920.619924969424","861.844471226523","834.426839897653","806.644815387737","767.484529924721","755.496391050519","782.371859031792","815.83925825748","943.701416180688","1073.29450311568","1381.63511437865","1453.72775971474","1582.73248686047","1845.87183011161","1972.18496259599","2202.04758787747","2386.0346374019","2532.41450619948","2618.28111304376","2764.05701052722","2907.08157621495","2940.9443192345","2652.86074656786","2656.57385905118","","","","",
"Brazil","BRA","Adjusted net national income per capita (current US$)","NY.ADJ.NNTY.PC.CD","","","","","","","","","","","396.617703943346","452.118666552559","526.200058866603","689.534075748935","889.927177461792","1007.08112414176","1211.77564829705","1356.68294797751","1497.93880814448","1635.88242716171","1638.08638707093","1778.52798094419","1836.62467947432","1270.70045507692","1284.4549433015","1116.17788131941","1369.26336585132","1469.00074302193","1615.33545343644","2172.41433148201","2159.55412647093","1888.21324787731","1779.04859482427","1962.24024594288","2739.97307467175","4110.38644611711","4524.06909367658","4559.43620604197","4311.46921232482","2867.9653654609","3082.35837523992","2580.69995030409","2305.23975607041","2494.65905823775","2976.64829456207","3898.8675732753","4830.41055307377","6067.29781894341","7170.01598838933","6936.07526333298","8878.02467633288","10260.0808435099","9351.31113035426","9456.54424882596","9242.57787173242","6666.74707912629","6565.20698073027","7642.22874304387","6984.28849842098","6818.4920461384","5367.94903435073","5775.8395830056","","","","",
"Barbados","BRB","Adjusted net national income per capita (current US$)","NY.ADJ.NNTY.PC.CD","","","","","","","","","","","","","","","","","","","","","","","","","","","5364.8739690588","5876.5834874158","6256.10516952099","6985.15183634786","6898.12888914364","6941.31530752653","6756.66689832829","7073.66860515682","7346.55400393842","7416.735481245","7876.21774381522","8357.53169372549","9459.00888135686","9826.6778174935","10176.2059930688","10099.0391806525","10165.3018005534","10378.5730179364","11080.6140273059","12129.9411167745","13035.7923066674","14675.7110814205","14762.8667368412","13917.3744013952","14253.3407154721","13877.0041834251","14143.5399511468","14314.0151435908","14329.1709337387","14307.7342094805","14571.0495306811","15021.3335450196","15277.0616526899","15878.5251742674","14376.0764504889","14760.3025334826","","","","",
"Brunei Darussalam","BRN","Adjusted net national income per capita (current US$)","NY.ADJ.NNTY.PC.CD","","","","","","","","","","","","","","","","","","","","","","","","","","","","","","8377.00222307904","9057.52658884689","10614.3898469857","11380.530716897","10830.960466113","10656.4810155997","12023.6613699501","12342.9831291333","12249.8434383777","10078.9893626066","10667.7265850383","12227.5979676648","11969.6440175806","12463.5812669528","13345.7666400477","15506.3808795575","17689.0514128281","20105.5534720714","22117.3325316646","26276.5888284849","21015.5344070461","24906.5115231056","31018.0303668451","33074.5430677057","33009.2833471902","31081.4866043489","25218.0237279933","23292.7197639634","23827.9330041093","23571.7042046696","23965.6856969375","22157.4196786151","22736.0067919512","","","","",
"Bhutan","BTN","Adjusted net national income per capita (current US$)","NY.ADJ.NNTY.PC.CD","","","","","","","","","","","","","","","","","","","","","183.224616365522","191.191332683534","166.173167572221","182.938014749065","215.077714808023","220.514715843123","246.055274689667","330.831189594718","377.875780167837","381.22188661077","400.937609897714","312.468615428486","309.800972459439","313.477915246086","379.792262826818","397.068927442803","422.200357863881","510.704102528936","476.258392053337","486.446716551141","630.662966004808","675.730698239416","738.853681345557","827.067934300074","918.722601331384","1065.6305719718","1157.68613083794","1490.05311668865","1529.15259368357","1503.24733951747","1800.59358568594","2040.56599754145","2002.64933313358","1989.02720882447","2135.13950950506","2194.6011468468","2295.34780795426","2610.16190856802","2618.6528328252","2913.82294271524","2724.88888654246","2945.36081733067","","","","",
"Botswana","BWA","Adjusted net national income per capita (current US$)","NY.ADJ.NNTY.PC.CD","","","","","","","","","","","","188.776840831973","225.975452409714","315.098737497623","365.50203561455","398.835640502761","388.611861211259","456.096114703017","585.809066783314","767.713568897298","910.232321371773","987.98790284884","882.296582313267","929.887646612811","899.433119387436","788.27351992622","959.04404226013","1246.69912565932","1658.24574429209","1875.26614906639","2446.76919811433","2555.58695241572","2645.31498911671","2710.16848008909","2336.66518451954","2638.59952126173","2531.62348348875","2671.44074600476","2674.93544013829","2774.7189155673","2808.35278667606","2772.07135621599","2339.13877262942","2949.43648074691","3354.74671354451","3932.40570337176","3850.60083072139","4105.80263327211","4053.78176681978","3900.70924620048","4662.3276199925","5818.83832319059","5391.61316905503","5307.63162245752","5578.06730572636","4758.55927652216","4762.37570666035","5052.44172680895","5140.36157142528","5277.73306330877","4911.42197478843","5455.5673993521","","","","",
"Central African Republic","CAF","Adjusted net national income per capita (current US$)","NY.ADJ.NNTY.PC.CD","","","","","","","","","","","","","","","","","","","","","274.774376522503","245.367810632446","258.434786236644","222.109389902881","215.307638287054","294.401958531383","374.238138581069","386.097631103248","401.918236215257","386.43029928204","439.908169366916","408.64736176424","405.085786115621","353.471665836561","231.177537289654","297.425446028481","256.360746638689","235.664601847454","238.015433202913","242.540669535408","215.699566108565","216.673471074707","226.546241392826","255.02286522885","277.02706767973","287.00064739721","308.219012316995","352.432049096167","400.173095929089","419.283234243283","435.557533809675","477.610260002907","485.491953696697","305.90264080949","337.774150004361","305.445500013408","324.013435625676","376.674065005796","399.451628810324","393.023450587441","392.527322404224","417.433814182588","","","","",
"Canada","CAN","Adjusted net national income per capita (current US$)","NY.ADJ.NNTY.PC.CD","","","","","","","","","","","3414.62229379943","3758.30773778752","4257.4510460599","4839.68966757762","5712.94618304379","6148.6250438164","7231.92459748737","7288.63141217861","7439.30674520618","7922.76284093085","8745.60482113271","9752.93845849138","9873.07790701746","10706.574850716","11097.1098240504","11332.2589721154","11704.9871632971","13252.8296390807","15354.4980477887","16740.8289398833","17207.3431729863","17586.4766020718","16735.0911017312","16170.2099394322","16017.9441570004","16619.9265784073","17002.6998417053","17542.8889604055","16794.2292682291","17868.2000334765","19386.4454096933","18986.1829403748","19537.081005585","22686.5539725433","26003.1646471795","29229.8971913554","33132.7886306989","36533.9174595096","37787.1470445015","32986.0481049786","38678.1805865567","42617.9740602834","43024.4508036713","43054.542645188","41608.0361468204","35364.1191071783","34318.5449237169","36906.3117171091","37828.3168572496","37785.7276089272","34953.0363610614","41986.2328595884","","","","",
"Central Europe and the Baltics","CEB","Adjusted net national income per capita (current US$)","NY.ADJ.NNTY.PC.CD","","","","","","","","","","","","","","","","","","","","","","","","","","","","","","","","","","1850.7544786081","2202.40829401489","2849.04641189703","3029.24017601896","2996.86762546199","3310.65351948466","3195.88798179424","3170.93479886082","3504.01211155032","3971.35180147506","4732.65994682683","5674.7814346422","6718.50265644401","7570.66096992379","9564.10619162369","11813.6009176397","9929.14991621844","10077.5718408409","11084.1753816122","10467.5143472449","11002.9349446461","11415.9085161552","10120.1158392262","10332.3004144245","11569.5772874321","13104.8520423474","13369.0437851241","13383.3152725975","15387.5165526526","","","","",
"Switzerland","CHE","Adjusted net national income per capita (current US$)","NY.ADJ.NNTY.PC.CD","","","","","","","","","","","","","","","","","","","","","","","","","","","","","","","","","","","","40553.4882471773","39111.0151639171","34659.0443080255","35760.7232328344","34989.6158847615","32930.9796571308","32248.5275287195","33733.7929857732","40939.3931930921","45346.7796943141","48033.9817870011","50174.7622880417","51128.2979377903","52789.1402349311","55813.2102235148","63191.0431544726","70650.760298422","68518.9893642797","69446.6309854852","68999.9181134434","66347.4161586484","63668.848941924","63071.2502194762","63208.8270862012","62588.3361826227","62971.4161735291","69631.6582374907","","","","",
"Channel Islands","CHI","Adjusted net national income per capita (current US$)","NY.ADJ.NNTY.PC.CD","","","","","","","","","","","","","","","","","","","","","","","","","","","","","","","","","","","","","","","","","","","","","","","","","","","","","","","","","","","","","","","","","","",
"Chile","CHL","Adjusted net national income per capita (current US$)","NY.ADJ.NNTY.PC.CD","","","","","","","","","","","786.899087313848","951.919080997278","1033.70776719531","1392.22742094835","1267.99653632191","539.845898687564","739.404663261375","1038.14815277277","1178.63784920834","1588.30333032949","2102.10126049896","2482.11572524358","1677.09811540619","1267.05819383471","1179.78818237222","963.50090894545","1057.96552781298","1268.14851795319","1442.58451948221","1627.16160639383","1840.08324345772","2164.99719337941","2661.09382646711","2865.024657163","3198.16714178047","4066.73833152694","4322.1162401387","4689.67599461519","4543.35863470463","4029.11520620901","4063.58100622709","3729.04274715879","3620.26407967691","3792.25600899913","4532.81183270492","5511.82242001172","6177.90916376771","6979.39216441626","7650.1610186608","7591.88029164435","9447.95226739735","10496.0426627319","11767.1772771293","12389.6704579851","11572.4128455048","11170.854810558","11021.3245444729","11698.3022160323","12043.8262935133","11461.2031329121","9720.74978802701","11116.895712123","","","","",
"China","CHN","Adjusted net national income per capita (current US$)","NY.ADJ.NNTY.PC.CD","","","","","","","","","","","103.359630151508","108.43535935457","119.813329244004","142.478290687263","141.627050236211","154.992737217371","140.863496236937","157.515403567518","131.670513476278","147.38523923725","150.780898211074","153.119721802725","162.39617324972","185.574223803147","210.705380800948","250.561519363794","244.980598292462","216.845561840354","247.823980559652","268.556964270147","270.421448030313","289.24436566096","321.187927975785","327.682055205722","411.631753571812","520.405931989244","604.911142155492","666.803369420804","699.729787940221","733.232738780013","798.025383405993","876.871248555301","965.113619143611","1084.07773555835","1246.47151698684","1428.78714461232","1700.97400565712","2168.19688996975","2703.09678898876","3041.78213898148","3487.25899295549","4132.67220088012","4770.26318228205","5239.78513400738","5753.40866780212","6012.71864865345","6078.48522150407","6658.94373473479","7331.85980601051","7470.11381485915","7510.44265569393","9015.34800413676","","","","",
"Cote d'Ivoire","CIV","Adjusted net national income per capita (current US$)","NY.ADJ.NNTY.PC.CD","","","","","","","","","","","","256.388074754878","288.215110595963","370.959357409139","440.036761773214","526.291627896844","605.511156264979","783.550166512411","928.564805527571","1006.53412871527","1070.65566817327","830.404466117797","715.188017843449","595.475107226332","591.963006781301","565.248392449836","741.498885157886","772.288921497102","756.589216017417","659.956309091492","693.131904003934","663.529354642272","688.994415276713","652.349985052717","488.567912016221","632.259722985985","666.122293054945","631.011980818082","669.090806592045","631.669433197622","501.38670972835","504.5245287927","539.893030528818","638.85697076165","700.534924259306","748.069272521875","749.700478039123","852.064174835756","996.245088204773","996.078826372319","1005.80080521474","982.611828550139","1040.7160086954","1183.40512328937","1894.47268249757","1715.60341563536","1720.58815655954","1783.15386965419","1947.71213990439","1929.04507419598","1972.11548154409","2164.04317815456","","","","",
"Cameroon","CMR","Adjusted net national income per capita (current US$)","NY.ADJ.NNTY.PC.CD","","","","","","","","","","","","154.876071372729","182.575793916815","203.395050127328","221.86558178409","293.190792301901","289.631882486606","276.870749491396","462.231305073104","567.007981171123","518.559203884049","558.811629210911","595.66760582368","604.146030231455","634.031300248296","715.779794085381","1055.65333808417","1083.98707509964","1001.05992586887","811.369032793625","831.111871762135","784.88029886807","783.186410654095","1070.71464701945","540.992552419257","641.098724118463","634.779224817178","601.624975948718","644.849623575571","649.934671011992","548.347901488788","562.987205373744","628.321789064875","807.723705836604","943.057002613909","920.429354666946","961.633918210079","1050.96214175932","1161.88982717806","1190.31368774737","1109.3610621597","1182.03954352693","1122.02922957732","1239.55552307314","1324.67582866725","1147.73392152592","1175.44175842773","1213.08855245072","1309.37663461934","1268.70514008161","1285.52749534812","1377.09223221176","","","","",
"Congo, Dem. Rep.","COD","Adjusted net national income per capita (current US$)","NY.ADJ.NNTY.PC.CD","","","","","","","","","","","","","","","","","","","","","","","","","","","","","","","","","","","72.4982577453689","50.047175950406","57.5838050990941","65.7043608870612","64.6593739628928","49.6354768829188","293.762368200987","91.2159335017964","107.497637491287","93.1614612483907","116.112604270322","133.510775101269","165.842078722054","176.091944675897","187.945772933144","176.928130184061","212.800982394997","238.515835523554","262.828392445555","287.59386050722","292.446627974596","314.580262178125","320.319609318572","314.250152718548","398.45497147077","445.438534611027","397.082807816458","327.809853324474","","","","",
"Congo, Rep.","COG","Adjusted net national income per capita (current US$)","NY.ADJ.NNTY.PC.CD","","","","","","","","","","","158.594979803037","179.518380880565","217.622700743087","259.759033955943","225.501395140973","324.817149723456","293.546908702373","285.326916882375","300.25696576478","343.409438892708","516.283025596259","726.015712079894","814.475939623635","641.355756157294","609.606750111306","572.789328420331","561.908121985238","600.667162282941","416.339442653709","306.766080953235","276.935493323341","420.063065999096","456.885864477574","290.419572317373","209.709642470087","22.7741394752495","34.3981558247837","103.97029246511","179.117955140446","119.438807166192","4.83506745371167","75.2222843908726","102.134827800057","203.548930343453","193.629310142792","325.724008976072","463.430594185191","605.507959753868","760.971258677917","933.908513548429","1046.87994841834","935.728746819591","1507.98146389876","1926.89618715015","2126.77345861745","1463.93260821541","1161.75441917988","859.931916000333","1036.3927191224","869.89606939698","764.02920391886","1069.20806057941","","","","",
"Colombia","COL","Adjusted net national income per capita (current US$)","NY.ADJ.NNTY.PC.CD","","","","","","","","","","","287.275256069736","306.037309827534","333.11387482824","391.870979333389","452.869080971166","469.264706457803","544.596390070699","692.729003546659","819.39341463268","954.568241022458","1119.15032998315","1185.81496855878","1231.6995588787","1170.21143610155","1114.18814248996","981.113901678646","971.087734996863","962.233440872183","1041.38608155003","990.598243859286","1177.661052951","1225.96266786659","1451.41173166302","1647.21734978742","2012.80202390643","2215.25015666108","2244.35866394715","2423.70988294622","2211.24536294899","1839.68932361632","2063.86247702728","2036.01199066461","1992.91342971322","1870.68781855304","2262.71867121702","2797.27754896545","3038.60580827135","3853.66633746531","4376.98725240738","4280.98146708157","5121.88844925238","5701.33859971386","6333.71659114471","6548.41345038693","6588.06179685728","5260.86877592388","5070.85301009397","5446.60777873774","5630.58658695121","5391.53417486232","4605.78877312319","5127.30925580657","","","","",
"Comoros","COM","Adjusted net national income per capita (current US$)","NY.ADJ.NNTY.PC.CD","","","","","","","","","","","","","","","","","","","","","591.681127116125","531.575298935158","482.428737642167","488.220141884882","459.097216505568","470.504337141894","649.754896812625","769.07901569622","787.879325515966","742.892608228939","903.629418445668","871.693243674762","927.741731287913","898.614098823751","617.526869453769","745.080012937246","726.523594188725","656.588732717075","653.764627003765","668.830431489578","605.119566351979","640.588463245581","702.813889680505","881.85364025668","1006.39032520456","1021.20202601064","1071.02622417173","1190.09957035199","1339.11690269397","1300.22321961172","1271.99788953996","1399.4656356756","1354.67617257313","1458.95041656882","1472.79338830556","1206.76011016136","1241.4932302852","1298.83329643892","1420.75982040633","1403.49390039547","1399.47310515274","1452.96197891214","","","","",
"Cabo Verde","CPV","Adjusted net national income per capita (current US$)","NY.ADJ.NNTY.PC.CD","","","","","","","","","","","","","","","","","","","","","","","","","","","","587.745379019667","653.74489398415","653.063971637322","729.800357023512","738.177340464471","804.124007079461","1091.16994113382","879.250298423716","1030.1931877441","1035.7261002362","996.797346078653","1039.84415315977","1163.71262345977","1027.10501029724","1063.30525977161","1139.85651092909","1486.28301828065","1664.97431919706","1695.38837384147","1892.21415673918","2624.58579043379","3010.87131576705","2876.71142573641","2717.13691380492","3062.31679422316","2874.02049007846","3083.4656944123","3055.01117644383","2650.49956946691","2765.95179312679","2939.13321347729","3306.36911638123","3334.09287310309","2840.3641609879","3210.02754015386","","","","",
"Costa Rica","CRI","Adjusted net national income per capita (current US$)","NY.ADJ.NNTY.PC.CD","","","","","","","","","","","","506.945442433032","558.907663545862","680.114444530456","726.788085169444","824.691838673119","989.955073638628","1240.10944326975","1372.76183781789","1519.30631551957","1754.53161571381","861.701934566584","790.883872144834","1001.29369620441","1170.90303599382","1238.96802990872","1380.51633929385","1373.58910268398","1350.2796764695","1493.05487177377","1643.43746452496","2056.96509574374","2397.63799928121","2623.69540662992","2846.81469720968","3058.26814293472","3022.30571390503","3188.51824800775","3349.46915774688","3333.68394698989","3413.93382152751","3569.74283999624","3637.34136184061","3731.89836492262","3974.42587058233","4219.71286003499","4777.9395734418","5619.10713675984","6410.92582920371","6205.20079863887","7525.7074102306","8427.83167297772","9250.98091105138","9833.06034838475","9894.22372785976","10614.1573852259","10960.2207741799","11011.3110592154","11226.5872854482","11493.0208012993","10980.843974094","11172.4316041155","","","","",
"Caribbean small states","CSS","Adjusted net national income per capita (current US$)","NY.ADJ.NNTY.PC.CD","","","","","","","","","","","","","","","","","","","","","2404.63556152611","2720.06785544736","3489.24436229273","3330.21666659724","3325.36412113144","3237.91438373234","2677.59987052979","2656.87387571796","2809.16737937719","2660.22677686565","2834.64327372163","2961.47441682472","3030.29148834608","2920.46533149609","3081.91401909884","3441.5216708251","3707.9572628187","4234.06901818903","4635.97891487863","4902.47639210461","5208.45503943785","5402.20542374511","5626.4189632006","6054.72084263207","6752.18589477997","7427.47812102296","8403.17544592275","9541.66539126584","11032.6995802702","8990.61218496945","9554.66616442845","9183.1205348878","9938.27076668803","10601.1796740416","11442.6774653175","11919.2537630278","10671.3315329758","11016.6436773253","10939.5872170557","11130.1571836056","9494.8998806089","10887.2680001479","","","","",
"Cuba","CUB","Adjusted net national income per capita (current US$)","NY.ADJ.NNTY.PC.CD","","","","","","","","","","","575.671812493866","687.36737640705","795.886038023564","962.913859089553","1085.00923008243","1216.87389228819","1275.52267908029","1303.21179517514","1627.5157064332","1772.70613365254","1781.9364678991","1792.73147608971","1849.95774116364","1947.39850241513","2092.04446607588","1959.9105947118","2055.37477228376","2118.25073095853","2287.09707048283","2233.38327718592","2343.838796844","1977.12821707849","1792.24298175273","1812.21910336852","2281.12784186612","2398.60945881406","1954.16251868601","1974.67020342102","2009.0232286226","2198.36564137625","2338.77191896233","2439.79586166351","2581.88483805688","2759.4326464235","2915.30096160954","3263.98485430504","3740.40995273095","4022.41406854554","4228.49691594102","4318.12516189179","4438.65621443693","5164.66688174092","5495.46932884496","5830.57337845704","6107.33845362681","6645.26682733875","6957.90038401156","7366.41625405971","7586.04967384599","7891.25881531488","","","","","","",
"Curacao","CUW","Adjusted net national income per capita (current US$)","NY.ADJ.NNTY.PC.CD","","","","","","","","","","","","","","","","","","","","","","","","","","","","","","","","","","","","","","","","","","","","","","","","","","","","","","","","","","","","","","","","","","",
"Cayman Islands","CYM","Adjusted net national income per capita (current US$)","NY.ADJ.NNTY.PC.CD","","","","","","","","","","","","","","","","","","","","","","","","","","","","","","","","","","","","","","","","","","","","","","","","","","","","","","","","","","","","","","","","","","",
"Cyprus","CYP","Adjusted net national income per capita (current US$)","NY.ADJ.NNTY.PC.CD","","","","","","","","","","","","","","","","","1024.72302246094","1332.72424316406","1734.13745117188","2287.0849609375","3762.48657226563","3545.2119140625","3620.51586914063","3547.87377929688","3690.63061523438","3878.41479492188","4807.759765625","5708.23291015625","6525.63232421875","6882.02099609375","8259.68359375","8310.265625","9681.50390625","9017.1201171875","9940.1640625","12442.8740234375","12306.1826171875","11472.2919921875","13496.974609375","12438.0390625","11346.9306640625","11974.1357421875","13312.5478515625","17016.919921875","19631.4921875","20741.3828125","22178.787109375","25734.27734375","30762.45703125","28200.1171875","26890.353515625","29378.478515625","25145.888671875","23667.357421875","22521.556640625","19823.45703125","20266.677734375","22294.205078125","24484.3125","24023.439453125","22081.27734375","24104.8046875","","","","",
"Czechia","CZE","Adjusted net national income per capita (current US$)","NY.ADJ.NNTY.PC.CD","","","","","","","","","","","","","","","","","","","","","","","","","","","","","","","","","","3140.71453431103","3678.53484952492","4562.83816090406","5106.75049362102","4648.37018571362","5004.37731916615","4843.71872647262","4584.30592814259","5013.57963384622","6065.42088764041","7403.99512618971","8761.89075435209","10122.6887992032","11309.7852498","13667.7967774661","16823.8538873491","14319.404179344","14232.531464553","15447.399675161","14334.3443049002","14511.8595498347","14284.8566854894","12903.3680947709","13479.6391827838","15315.2521119873","17451.2006678758","17471.6552865621","16844.2351079594","19843.782905675","","","","",
"Germany","DEU","Adjusted net national income per capita (current US$)","NY.ADJ.NNTY.PC.CD","","","","","","","","","","","2420.15344749664","2781.03432465691","3309.88178272259","4387.97438813296","4865.5957126261","5344.04970420166","5702.2100210669","6596.7387436723","8167.82458685432","9669.46223453607","10333.0242702496","8598.92903862856","8303.4805222789","8295.59038721834","7863.416325591","7966.95372765194","11388.8270163182","14069.971742065","15243.0369339666","15136.4278883327","19019.0431912092","19773.3073385219","22313.2299624352","21371.8740588047","22642.9096316572","26435.1032873803","25446.259511175","22429.1623302763","22615.0093797927","22110.4170985051","19549.4418424554","19447.0356944079","20609.3815548286","24783.8963854618","28464.0295722083","28850.8727715642","30794.4617063347","35163.3139253451","38083.9347752768","34858.1248611429","34884.0347919125","39563.8173328957","36959.9689345963","38946.3130670579","40356.4831200369","34656.4419057496","35663.6788929644","37760.3396762277","40854.5559716182","39718.0023342505","39043.0971501674","42982.481891127","","","","",
"Djibouti","DJI","Adjusted net national income per capita (current US$)","NY.ADJ.NNTY.PC.CD","","","","","","","","","","","","","","","","","","","","","","","","","","","","","","","","740.423852175404","772.693580367218","777.15722365407","781.527471040009","785.465000056741","754.066963041316","736.30502369099","717.660367054335","728.692488842886","730.85804451327","730.026765166001","732.366760146803","757.524917750572","794.873434053475","825.700748931515","869.148527097657","904.552052195237","1025.51849157762","993.581472760045","973.70773001079","1070.89354675224","1155.78841770139","1611.21861268565","1861.61600698712","2043.60697657073","2078.63543542446","2103.25564596041","2287.40207824422","2423.39556736461","2481.42354098766","2747.30046170044","","","","",
"Dominica","DMA","Adjusted net national income per capita (current US$)","NY.ADJ.NNTY.PC.CD","","","","","","","","","","","","","","","","","","","","","964.296625874788","1091.00119911994","1187.58439062378","1306.68147325371","1426.86292680314","1564.86569051143","1784.70742029771","2025.75462270073","2312.53146806637","2476.13952185066","2694.80732160408","2902.35002612545","3101.07894841719","3271.31713403076","3460.70273110795","3579.312594128","3752.35874119744","3913.39352310305","4184.88520910986","4181.79889408719","4041.90285837179","4287.6541348748","4130.64954140416","4277.44127666323","4478.06475574357","4474.11786199753","4979.27632733532","5293.75130553588","5760.41318250683","6000.03654083392","6038.56470501054","5887.15492757573","5737.61180998054","5733.91761061665","6095.65479818139","6321.03152199957","6902.89062391481","6608.9464491461","7001.51160442909","7587.30852341223","6467.86911550649","7024.40189092386","","","","",
"Denmark","DNK","Adjusted net national income per capita (current US$)","NY.ADJ.NNTY.PC.CD","","","","","","","","","","","2941.13846903381","3252.13984903559","3942.82833318412","5290.06575439585","5744.76241359522","6809.61487264902","7554.94140640737","8443.38505435409","10249.3185952337","11791.9651057677","11625.307414471","9899.9561829582","9623.6322050199","9686.25219922144","9426.97855667066","9981.50827086879","14186.0145087544","17586.3127623105","18362.9470329834","17635.3427931318","21548.462898743","21534.6694674633","23726.4970626952","22174.2038323879","24288.2852254075","28791.9774050586","29008.8188893221","26692.1578573104","27333.0757499771","27386.23327144","24662.6292359806","24860.1882836577","26835.8966508735","32685.851982715","38020.6193751276","40233.2644464588","43212.5561727381","47977.5006886183","52156.6411717294","47573.9670547052","48113.3360165044","51361.5018162591","48806.8030244049","51939.826362982","53755.9090925814","45798.0298023193","46794.9113692132","49220.8039134769","52836.9961208992","50967.6115024073","52242.0313679839","58796.3599323691","","","","",
"Dominican Republic","DOM","Adjusted net national income per capita (current US$)","NY.ADJ.NNTY.PC.CD","","","","","","","","","","","","351.652612677972","415.730021006816","467.759216506347","565.723039534964","678.920024848313","725.547302141339","808.042607790944","837.702478383083","946.777986209151","1061.88446871795","1127.73620888931","1221.18132209848","1286.03452567026","1503.73452321999","698.544101694136","853.032325732868","783.673900822613","693.620283672685","860.446274316278","898.528385772344","1228.98184945691","1439.0345820718","1552.40007441192","1723.3599564999","1907.00325539089","2082.88030545965","2261.60471017246","2424.26540616947","2418.1579926597","2603.61482373418","2715.99616999189","2826.41234090248","2091.37891401341","2099.41698161201","3473.49974474119","3629.33292358589","4140.25249132204","4634.8456121819","4595.06567654959","5047.56073508055","5351.05589654478","5518.65385737283","5537.42827663028","5851.7988698244","6214.21529030718","6501.20771268986","6727.57889363669","7113.34937993221","7270.19205065452","6313.75634278684","7364.09894472623","","","","",
"Algeria","DZA","Adjusted net national income per capita (current US$)","NY.ADJ.NNTY.PC.CD","","","","","","","","","","","296.421217724416","310.859787544004","397.986839120205","484.215884528482","640.733627187713","749.939932107256","790.722078276171","853.71101591009","1095.97848916133","1096.31059097624","1494.79280566041","1623.88473356659","1708.09002948566","1801.62419134152","1953.03500471583","2043.84045015344","2309.75148017756","2290.90958737212","1964.75138465315","1801.58916763394","1907.33636389424","1363.16601690124","1446.63340529609","1454.13936471947","1196.85610877879","1125.6022513596","1203.70613494391","1250.04690857812","1284.12675158463","1219.0614126829","1293.3621217308","1339.51367805351","1346.49756886068","1565.8659104485","1882.22385675362","2090.09687358798","2344.23095816995","2803.43890393345","3513.90528092024","2960.30631701014","3451.29035568153","4080.70848289799","4280.70872972331","4210.07006076286","4167.01900967391","3319.13216755697","3256.46032507284","3295.65116785339","3172.69440348347","3098.16384106335","2689.87252642759","2809.55559413559","","","","",
"East Asia & Pacific (excluding high income)","EAP","Adjusted net national income per capita (current US$)","NY.ADJ.NNTY.PC.CD","","","","","","","","","","","101.705556815676","106.134682912479","116.680884239748","142.163807119368","153.320809304284","167.512313009585","164.565456617208","186.020069715794","176.709142031227","187.902110613473","210.757592456101","227.766518243178","240.693405009357","249.432807843272","269.071177846861","292.705154783544","285.64126582658","266.816925053081","304.851467337876","331.749781206707","345.823519759008","378.12560192172","419.79384505423","454.449002661733","543.66313357356","655.259101079272","741.813326047646","757.661355188033","674.730064012548","731.33080992279","786.249721435386","822.532533487112","910.83783661533","1019.42540385367","1154.86386953297","1310.67527821407","1562.40080130971","1954.46667697887","2390.66165005933","2625.29914150077","3082.25521245542","3620.33015941523","4095.9949157368","4430.33804357022","4770.28382346015","4922.25858427472","5007.13200229945","5443.11163250693","5934.73759225474","6079.94254525945","6050.60592273627","7080.90208182827","","","","",
"Early-demographic dividend","EAR","Adjusted net national income per capita (current US$)","NY.ADJ.NNTY.PC.CD","","","","","","","","","","","201.182473501925","213.409664371326","227.799813933573","282.420402192526","364.74509014974","389.388865881809","410.425553711961","443.986447460139","480.111651210466","532.394452360296","650.925071844191","727.434461635396","689.982145442628","676.774098859573","651.938283264428","659.53386279915","658.587431548036","639.990912243077","667.605969250181","654.661124418648","744.492270707834","783.616432219085","849.506553387637","923.984622761683","952.258431566867","945.077001836669","1006.88074634709","1063.47241700296","1033.38888761419","1063.30050576978","1117.74058134885","1089.81534553048","1043.80102155975","1132.96872705095","1283.40427099078","1460.66315382605","1651.16796973675","1939.99877473905","2127.53062161354","2070.91064151517","2464.97005153977","2643.93850733788","2724.82217455733","2730.65610944403","2798.93096985976","2688.04300512576","2745.59185253311","2919.40248427311","2891.13176734683","2922.45618023283","2694.66195502386","3041.91626242597","","","","",
"East Asia & Pacific","EAS","Adjusted net national income per capita (current US$)","NY.ADJ.NNTY.PC.CD","","","","","","","","","","","272.64944507452","293.586333963569","354.02550213356","455.404186162654","508.970101924665","548.256824727203","590.653946018492","691.826674343799","864.241738465787","904.136563250735","947.471125379358","1029.94035127503","993.389546337928","1044.41292245064","1102.25334468489","1146.72368612733","1477.60400631035","1689.58048100912","2017.54950042334","2050.59386821845","2092.40883754362","2320.64461021667","2476.48331042088","2720.3414801619","3050.89547564312","3438.41807244472","3276.56054093741","3067.71996404416","2674.72969448571","2961.30359086821","3177.9405187729","2928.77523064815","2959.18250062744","3251.23610409406","3622.87579426071","3819.6458778012","4023.41687191168","4471.18268327124","5039.49834095539","5184.62906129742","5986.46946347952","6799.36306788708","7320.09431583313","7298.53723323878","7486.5851911303","7397.90904359941","7627.38380925592","8093.74646452986","8638.06689789233","8737.34178027944","8599.63736042277","9664.28904182311","","","","",
"Europe & Central Asia (excluding high income)","ECA","Adjusted net national income per capita (current US$)","NY.ADJ.NNTY.PC.CD","","","","","","","","","","","","","","","","","","","","","","","","","","","","","","","","","","1199.52573938099","897.237179755913","1113.83360103187","1161.33335895161","1221.50495332277","1596.01482628541","1442.40488479276","1485.22546620227","1203.10438557326","1394.9566506924","1788.58610914382","2324.48464544292","2900.33592786372","3322.59237646164","4213.9595061329","4953.35612079478","4116.33756707316","4874.28025176892","5436.62318127352","5756.10930607781","6269.43644473463","5964.46421163945","5248.30023287559","4951.66833725577","4993.92289444921","4815.13853505019","4839.62250167163","4676.98849667788","","","","","",
"Europe & Central Asia","ECS","Adjusted net national income per capita (current US$)","NY.ADJ.NNTY.PC.CD","","","","","","","","","","","1155.20261056027","1288.26376959709","1526.94296542302","1920.00464259376","2130.9652310883","2462.60928876551","2537.58560514609","2840.29155654961","3447.39319310203","4169.53472432832","4655.69811347037","4068.42579459325","3873.34057918809","3735.59711314878","3571.16619588094","3675.25894805968","5026.95346855259","6170.49633440244","6841.78206172757","6934.38180792384","8531.36389781623","8789.26838858603","9535.97569842878","8671.47168341912","9107.76935997636","10439.2380019215","10691.9678701321","10174.8183625831","10532.7006392535","10422.7945974973","9776.45595954488","9815.25515406511","10686.253466832","12970.0690950913","15120.8629026271","16049.7129170937","17281.1816430438","20053.6704973537","21660.2149914","18984.9901438913","19481.9209374544","21470.8148728626","20562.0839368146","21399.730232459","21632.6776096718","18566.0378841404","18439.668689311","19485.4164586497","20741.2950259905","20328.9271596849","19468.4943927371","21947.9289075235","","","","",
"Ecuador","ECU","Adjusted net national income per capita (current US$)","NY.ADJ.NNTY.PC.CD","","","","","","","","","","","425.66466376903","396.665046984776","440.422428914443","503.779860968389","807.278698156341","960.560702156002","1082.73268307061","1293.14398636379","1341.53812686937","1431.64738520964","1756.93537694135","2154.06722041921","1915.32891645789","1522.38351955566","1439.84758786633","1433.96052398912","1296.96370182878","1136.50646252838","980.051914168491","985.177274570166","1049.57083152681","1250.87518297282","1333.36168079816","1364.55466023787","1606.66657410353","1673.3503455514","1661.6257678746","1879.94662529516","1875.96244120778","1187.73534268203","1005.22709522393","1464.68818935906","1717.56976245761","1887.49660920906","1996.87419396019","2128.19223193701","2311.74747405647","2507.78356797942","3002.38903530129","3303.94269559939","3484.1741078187","3771.61696752517","4196.20136237208","4567.57448908148","4809.21038059958","4854.42931060635","4784.81780095122","4822.27933125507","4668.73900055259","4622.75733351035","4317.41062810823","4420.8252862934","","","","",
"Egypt, Arab Rep.","EGY","Adjusted net national income per capita (current US$)","NY.ADJ.NNTY.PC.CD","","","","","","","","","","","221.17904067991","231.08978482755","244.704561255452","258.389400206702","225.555066980612","270.67439775723","293.366373462412","298.720195825634","286.668359958623","283.351434409162","312.299809087136","326.649580354249","429.895486211969","474.130970412501","500.339952932614","548.724097945914","624.185814628667","628.610497421106","532.811351773049","568.363767768321","564.864583032832","524.293268646183","574.668500129745","633.025646210818","703.16735270918","800.175173061333","875.669666106365","1020.38617698181","1110.86164936726","1130.17314592073","1212.75524192321","1185.51136972369","1001.5138024852","907.588922322438","851.740104711022","925.154625744736","1094.76352997085","1321.18653293612","1581.72812619816","1883.71703868668","2089.409049493","2148.26619387547","2551.20827626186","2583.67904652284","2704.03764502176","2983.27850624105","2957.12723075839","1999.85937313913","2043.81150280301","2431.96800880199","2964.90284047987","3184.81035285857","","","","",
"Euro area","EMU","Adjusted net national income per capita (current US$)","NY.ADJ.NNTY.PC.CD","","","","","","","","","","","1949.21070082263","2190.74756828171","2627.00488268264","3387.87218919975","3781.86627796768","4338.3515079375","4511.95478167255","5099.63836924901","6235.18826252263","7510.27076623932","8317.47846904716","7115.26017192461","6829.33177876433","6656.83992060377","6381.21405409011","6555.33679670273","9251.64231726306","11442.8196297237","12566.6679084036","12773.4931757204","15966.8361810896","16449.0142626163","18038.0519061318","16371.5900813339","17199.7547879745","19834.8320005413","20051.636409512","18286.9163524001","18755.8503530077","18647.0414301679","16906.3595643454","17035.2560405235","18389.7960704962","22505.6357033117","25795.9458873938","26576.6609762503","28179.0904518294","32167.3134954098","34783.8860940536","31568.813316829","30851.2664417136","33371.1643698298","30765.6409086143","32091.5733186446","32817.8319805088","28139.0119184889","28894.4563872813","30554.7269253285","32991.3221855332","32106.5821421366","30618.0186744323","34440.4025330986","","","","",
"Eritrea","ERI","Adjusted net national income per capita (current US$)","NY.ADJ.NNTY.PC.CD","","","","","","","","","","","","","","","","","","","","","","","","","","","","","","","","","","217.94646830238","238.771933437719","238.307015867666","266.720038741627","262.170755822698","287.072972694436","270.602863969658","269.089024070989","279.791828679363","263.860725999647","298.436710494146","367.593511472347","360.112566736541","396.743791909945","425.357713875939","433.104128692169","579.039123874036","482.188957012216","485.382935022903","","","","","","","","","","","","","","",
"Spain","ESP","Adjusted net national income per capita (current US$)","NY.ADJ.NNTY.PC.CD","","","","","","","","","","","1055.20217340854","1189.4975460729","1505.18817962213","1990.84388734129","2433.78487918889","2816.38311783992","2866.90575360083","3168.48951246159","3806.57490599228","5025.9214753061","5364.95810930957","4573.34247137744","4378.82234321774","3769.34090190342","3773.07240131583","3983.12915005816","5586.68151843807","7101.97554347666","8351.2477053032","9260.53022227685","11991.8309518458","12890.7134037278","14016.8525887096","11586.4706065833","11476.8139206556","13448.3408730008","13900.0486137877","12723.8660377729","13323.8012338315","13617.5185306747","12777.7244687468","13213.9262966176","14726.4397181684","18547.5884308069","21375.5255360234","22509.8931072036","24030.4139136431","27377.4783436333","29598.6105981013","26838.5260367542","25486.3210084568","26212.6958902645","23566.2050882242","24255.0260100063","24711.0020776256","21727.0271063482","22502.2824051243","23885.9423155166","25800.2148885641","25134.5828703277","22324.6207645644","25103.6146434791","","","","",
"Estonia","EST","Adjusted net national income per capita (current US$)","NY.ADJ.NNTY.PC.CD","","","","","","","","","","","","","","","","","","","","","","","","","","","","","","","","","","","","","","","","","3360.6780606812","3713.51676092676","4381.98969225154","5854.69732298377","7216.3640414905","8538.23862897596","10243.9726301284","13193.380317423","14305.9191600524","11532.8799394043","11282.4223358694","13704.931508402","13778.3372333754","15315.3884359208","16276.9113277591","14040.886020332","14872.6024166644","16600.9007484689","18854.3733079041","19062.7694888207","19133.1006498433","22462.3647535878","","","","",
"Ethiopia","ETH","Adjusted net national income per capita (current US$)","NY.ADJ.NNTY.PC.CD","","","","","","","","","","","","","","","","","","","","","","175.169143710425","166.90735852312","197.926179582755","181.895354510234","215.971679594345","208.579904419567","217.354442770249","213.600120838101","215.28795202043","216.744351837858","230.414311300154","163.496455513693","133.238516098192","90.0649388528428","85.3496043954253","96.5317081314675","95.2393213805419","78.3187052636926","88.1363466703902","91.8095613264069","89.4772243841399","75.1144728928918","64.0760415802926","84.6071746488098","108.145302239923","136.165114368748","164.869009970987","229.111564691415","272.468246480165","246.243603352113","249.691552051196","334.021072183899","360.107964501053","421.357055405354","478.103253544339","547.103751381219","595.983941030785","627.812547029982","708.74181914855","779.457700647764","786.584764773159","","","","",
"European Union","EUU","Adjusted net national income per capita (current US$)","NY.ADJ.NNTY.PC.CD","","","","","","","","","","","1646.98750506519","1847.13941251877","2212.68431384726","2846.09822277459","3170.4513842637","3653.12570374631","3807.54055067269","4279.91508237976","5201.9944528618","6249.57252028804","6911.48399007749","5931.03337511551","5665.9445771896","5502.7809082284","5296.26773892234","5442.92492202515","7651.01428842253","9461.70922479857","10369.4858543335","10544.003275824","13118.1869902271","13515.9360005171","14790.6791800818","13387.0645711523","14158.6019830135","16420.7633059592","16679.4138022175","15268.1380504446","15711.5961494654","15627.0481531265","14275.570730156","14423.5262312283","15639.523047165","19146.0586379501","22012.8453567476","22894.2928538366","24409.7299438323","28070.6071156873","30661.2346278636","27592.3778857091","27235.1095942651","29548.1476680103","27355.053505215","28585.7890653164","29245.1302208556","25156.4044570197","25813.2743048433","27428.3101107825","29679.6640620603","29005.2010936361","27916.8272219812","31524.7368654661","","","","",
"Fragile and conflict affected situations","FCS","Adjusted net national income per capita (current US$)","NY.ADJ.NNTY.PC.CD","","","","","","","","","","","","","","","","","","","","","","","","","","","","","","","","","","","388.307804852759","487.173580060803","478.66865716487","542.586588751401","533.909897392974","567.545174959626","636.844993186631","630.553413724795","616.951349092661","617.852097582775","769.36659534601","932.246731026678","1168.48051125712","1408.65943723037","1754.06803294557","1613.50755147387","1822.96223829109","1600.34322619472","1793.39684613164","1829.28894351912","1912.23771828472","1570.10613574541","1449.16515550001","1481.29146590815","1495.12360505335","1532.04417367236","1415.93117988576","1413.38017061503","","","","",
"Finland","FIN","Adjusted net national income per capita (current US$)","NY.ADJ.NNTY.PC.CD","","","","","","","","","","","2137.89320875237","2331.77729141428","2722.30618231796","3559.93521723547","4481.94642289338","5229.75176125528","5605.99217671413","5796.10426580073","6254.73354794701","7740.97061294903","9262.69046860697","8941.34129937929","8947.92803868371","8545.40676174919","8840.9729395628","9305.61811921639","12247.0044556389","15131.7744942608","17981.0339956831","19230.1983818239","22301.9944148524","19436.1663822841","16722.8150438615","13110.8610533074","15458.3845982485","20756.4321393462","20573.8353458829","20045.5828694758","21136.3336029997","21508.9463491105","20068.2619091976","20702.8171092934","22457.6749072905","27056.4529514337","31502.6854002252","32328.401549713","34313.9569442522","40174.2561587458","44209.8634258462","38788.5606277175","38296.2127011865","41789.9558751726","38711.3097858372","40439.5672479945","41149.747879756","35093.9146397102","35796.9825757404","37839.3424389457","40864.1483685941","39659.4052411715","40405.3438740004","44416.2001989398","","","","",
"Fiji","FJI","Adjusted net national income per capita (current US$)","NY.ADJ.NNTY.PC.CD","","","","","","","","","","","","","","","","","","","","","1649.73003805696","1658.02719042186","1512.25627445846","1413.03220289779","1454.15310492461","1392.3858814647","1546.34819751581","1369.79718242844","1270.42968408265","1342.46175417693","1467.69541703243","1515.7698723756","1666.56201245024","1771.51046336886","1934.56016264796","2133.67439616444","2322.06180763505","2215.33188466034","1701.65994198643","1969.61653331985","1783.38134371882","1704.79914972953","1945.10041573524","2376.15651125223","2809.83406883548","3104.76102119336","2987.4294710273","3342.76977942814","3483.46924064844","2886.03857783565","3026.67596722832","3492.57027940076","3645.17981094089","3969.22098577743","4374.06669221678","4142.13590456672","4408.05424724251","4635.24911366471","4918.53572511634","4730.10107419663","3953.15016358882","3782.21197559554","","","","",
"France","FRA","Adjusted net national income per capita (current US$)","NY.ADJ.NNTY.PC.CD","","","","","","","","","","","2508.08189519724","2772.47229560036","3355.57884968998","4313.16434030269","4587.47334309698","5736.63820679656","5883.86327060164","6431.04216480116","7973.88575172252","9619.77794182058","10878.8189430392","9442.08875480473","8882.62169299407","8394.15266604912","7900.67759719714","8252.15443068445","11558.2212616899","13960.8074678354","15141.1239015407","15095.617473122","18541.6344862491","18308.0947615174","20151.203475312","18920.5276089707","19870.1704641042","22804.9535498211","22935.1678394425","20795.8975074684","21520.5137719606","21421.7386123955","19328.451350652","19369.6612462867","20728.181277335","25323.4916776428","28883.4838226798","29736.2674910567","31191.939103324","35491.3127777672","38690.7406915146","35241.3151059845","34397.4075459986","37189.4419013323","34394.6934380847","35878.0422453967","36234.531197758","30908.6863304649","31203.694850269","32666.6125618741","34960.7407566569","33898.51679871","31908.0982241167","36447.5784621026","","","","",
"Faroe Islands","FRO","Adjusted net national income per capita (current US$)","NY.ADJ.NNTY.PC.CD","","","","","","","","","","","","","","","","","","","","","","","","","","","","","","","","","","","","","","","","","","","","","","","","","","","","","","","","","","","","","","","","","","",
"Micronesia, Fed. Sts.","FSM","Adjusted net national income per capita (current US$)","NY.ADJ.NNTY.PC.CD","","","","","","","","","","","","","","","","","","","","","","","","","","","","","","","","","","1927.65172053985","1939.45675542575","1975.50424295741","1937.08607517446","1763.24587758655","1843.13018659158","1893.64885839249","1999.8780769666","2048.31563329773","2056.03545318749","2079.62741402461","2069.81598746075","2188.11123116583","2234.02566984646","2295.68600352188","2345.27717300099","2594.63883552821","2680.19498944396","2788.61388472229","2977.24407488433","2979.5800055804","3001.99224961304","3274.92930176035","3352.8335788316","3593.73227747795","3526.51371497717","3919.33452776199","3843.47924540985","3740.85796862248","","","","",
"Gabon","GAB","Adjusted net national income per capita (current US$)","NY.ADJ.NNTY.PC.CD","","","","","","","","","","","327.822128039727","383.938594606653","389.121827186091","732.401588149528","897.299283930241","1544.13473222757","2654.08344525114","2143.34419341676","1499.25366440594","806.163230980534","2778.24160436523","3235.46348488081","3317.27613318424","2737.15194475971","2676.20997961903","2352.9193248597","2408.33836361745","2068.32134468637","2789.54304073607","2430.35410584624","2652.55124783691","2852.74995857235","2540.81741606733","1595.78637725889","1761.74154561088","1870.18933002736","2243.75971957784","1979.50302623112","2031.452186525","1937.0696428169","1352.08680100103","1834.30622841197","2048.40919697086","2529.37991384539","2684.90643461523","3098.28621575741","3095.18243200169","3432.4459587109","4023.71330786928","3818.25140889479","3721.19121992458","4297.65408936601","4124.60374053146","4652.25002117605","5576.50315991082","4577.10393685868","4390.44717149638","4354.4875489976","4645.65476326419","4477.60265291533","4266.70301106699","4438.45192947463","","","","",
"United Kingdom","GBR","Adjusted net national income per capita (current US$)","NY.ADJ.NNTY.PC.CD","","","","","","","","","","","2267.45003983244","2534.27048650625","2881.7077382368","3246.47074707704","3456.50728022862","4064.55499306233","3891.15290613102","4308.65895114424","5473.19692926581","6967.86166178433","8807.36345865101","8319.67775184808","7969.24266270384","7601.09053427774","7145.8609084462","7476.58920370747","9409.88973861522","11526.6905046359","14080.3366356945","14122.7792720299","16398.081944205","17154.9619428992","17960.7528378909","16162.1795346132","17726.8790479729","19281.2958698741","20267.4745651919","22819.6472576447","24813.5235915144","24834.7672378565","24401.0204331573","24062.7018504808","26117.4107938516","29959.8835187649","35034.761253561","36605.041787585","37973.6151931478","42710.9708799221","39510.5171466277","32299.4339401713","33571.1993119611","35752.9581965813","35513.3174807303","36079.9107190471","39528.2851525258","37457.2610323783","34106.7443843343","34113.8448899759","36165.9039331492","","","","","","","",
"Georgia","GEO","Adjusted net national income per capita (current US$)","NY.ADJ.NNTY.PC.CD","","","","","","","","","","","","","","","","","","","","","","","","","","","","","","","","","","","","","","","780.675768548826","606.478577478493","653.508992813547","694.344137111374","735.495237979555","865.46802792704","1146.54555772151","1441.33674006949","1774.220478202","2296.38342566169","2882.58018674388","2433.03723791562","2713.94009863586","3350.54534254737","3765.07067504281","3904.29530194262","4038.98666228965","3333.06125104763","3259.60328349687","3507.47907705378","3863.88840822187","3802.12660500943","3499.62305327143","4084.97057411529","","","","",
"Ghana","GHA","Adjusted net national income per capita (current US$)","NY.ADJ.NNTY.PC.CD","","","","","","","","","","","","233.588981936725","197.869563533891","222.3124292254","254.867015694318","234.566170282486","224.445801323809","250.096762863451","284.743945353713","302.506829463112","317.285264504481","299.392490126262","275.687242491341","269.201821356067","281.89176232535","279.994368961226","345.968135907907","296.453585726651","296.567818573586","293.587854268166","316.947763217936","349.719732003403","327.782134911467","288.862560301729","245.268075911912","284.001073205437","295.875130444355","290.735596760519","309.189309311353","327.546111795149","190.625148992022","202.617162893598","226.43621583286","263.288258650987","311.370923075265","377.009950824075","741.165374425206","868.573341808799","980.949161411893","858.45567002067","1027.8692433697","1148.73593365797","1156.64709225672","1849.15403894085","1497.36271222078","1358.92629645382","1527.72238549069","1567.24658641105","1741.31183640062","1742.95325322174","1852.24449587513","1841.53504387296","","","","",
"Gibraltar","GIB","Adjusted net national income per capita (current US$)","NY.ADJ.NNTY.PC.CD","","","","","","","","","","","","","","","","","","","","","","","","","","","","","","","","","","","","","","","","","","","","","","","","","","","","","","","","","","","","","","","","","","",
"Guinea","GIN","Adjusted net national income per capita (current US$)","NY.ADJ.NNTY.PC.CD","","","","","","","","","","","","","","","","","","","","","","","","","","","278.890232681297","286.402773843317","330.511224276523","320.965568085201","341.541629983629","373.509276992594","409.102914570352","408.280323301106","407.397341830816","409.074435685173","419.051208216775","409.977763589613","375.570024318897","359.016457212732","300.306605856155","277.635363267771","286.579662575963","290.63489761473","311.918605746327","229.558182481716","374.853677347461","548.990152794496","590.065168691985","539.831494150083","541.942830189381","517.110478730222","565.453311423872","583.271825861935","600.095098893471","601.536159498642","558.671871313932","667.49806213675","740.755665129555","834.39033303206","801.104244639207","854.619249630273","","","","",
"Gambia, The","GMB","Adjusted net national income per capita (current US$)","NY.ADJ.NNTY.PC.CD","","","","","","","","","","","","","","","","","","","","","289.032085405977","247.653471485382","236.860899667293","215.259132900646","187.910163915718","259.851068471899","211.639181920782","237.167192359793","244.283216738762","227.269042215776","233.603702962742","532.514053317311","525.526236697474","534.282618065243","509.208891524645","517.591663057146","542.418682612987","491.163218808443","497.292586964419","469.762245642311","436.802949053992","369.060546673746","291.229530962667","233.095993623649","487.738948824281","506.929852249548","498.69958993168","586.738154959151","688.205702497706","613.233559702868","631.270696960766","532.098309152423","507.777912548977","480.813010508071","422.29871924187","457.762800465928","474.222600044742","473.329867439421","549.898088099017","580.424772497126","570.125289946393","624.071826451609","","","","",
"Guinea-Bissau","GNB","Adjusted net national income per capita (current US$)","NY.ADJ.NNTY.PC.CD","","","","","","","","","","","","","","","","","","","","","74.4889307032163","133.675429038411","128.821407173864","141.798207694292","116.292860875696","142.081251627215","99.2599968010668","134.723452535316","118.637602738092","161.078792723445","181.349945523778","183.256400501185","148.818270781668","159.887600378015","149.710262010434","138.691619697766","150.004975456533","153.895339103114","96.8720643244099","128.605991818609","239.556901162713","248.668019479676","259.644190178949","270.296568648375","310.626111203711","337.267074594722","335.277190779933","369.577084856555","445.564058207816","409.229502170702","426.088498325008","557.937013298595","463.163260314311","462.837868308644","478.557660210972","454.644810319564","509.150062421926","574.343955499443","642.731556817203","640.688927932318","611.637566045469","678.036990059082","","","","",
"Equatorial Guinea","GNQ","Adjusted net national income per capita (current US$)","NY.ADJ.NNTY.PC.CD","","","","","","","","","","","","","","","","","","","","","133.281152426963","63.8830024977507","58.0537215267693","81.375541274116","98.9339439868481","118.889231916214","133.344361747165","158.76688800784","169.368540127272","132.613308615154","196.18228171315","202.357047895331","244.275989901605","228.534671190971","104.13933914973","112.173714534353","144.154908452126","229.536304709922","133.176491681483","210.563263899041","-112.762251329304","","","","","105.374607853093","3103.03957606856","4242.42952564491","5588.67752642907","4204.31498723461","2100.04140561219","3893.13011408143","3902.70657322465","4764.48358556841","4872.22007905306","3844.05152527396","3210.78017553487","2864.50461385297","3012.70649392064","2356.55428570265","2243.60798721049","2709.30529166796","","","","",
"Greece","GRC","Adjusted net national income per capita (current US$)","NY.ADJ.NNTY.PC.CD","","","","","","","","","","","","","","","","","","","","","","","","","","","","","","","","","","","","","","","","","","","","","","","20786.2970200861","23908.7849932158","26298.8488357478","24419.4897446752","21641.9003584139","20268.8399137972","18108.1894149515","17844.2484166576","17998.0235215284","15044.3744393706","14903.3049335836","15546.6659974768","16496.9358445214","16155.1136681952","14754.7434920818","17262.586536424","","","","",
"Grenada","GRD","Adjusted net national income per capita (current US$)","NY.ADJ.NNTY.PC.CD","","","","","","","","","","","","","","","","","","","","","","","","","","","","","","","","","","","","","","","","","","","","","","","","","","","","","","","","","","","","","","","","","","",
"Greenland","GRL","Adjusted net national income per capita (current US$)","NY.ADJ.NNTY.PC.CD","","","","","","","","","","","","","","","","","","","","","","","","","","","","","","","","","","","","","","","","","","","","","","","","","","","","","","","","","","","","","","","","","","",
"Guatemala","GTM","Adjusted net national income per capita (current US$)","NY.ADJ.NNTY.PC.CD","","","","","","","","","","","","327.243749409669","337.520708678246","403.846426531523","485.042300290196","543.256248329654","641.837044536597","793.149786064791","856.564945702485","949.865080820007","1047.52617236853","1115.59146016661","1098.22369341345","1111.30033115033","1123.18033494051","1126.78726021259","806.81873988114","773.366510100383","834.289655105821","873.794279663001","767.67714649756","935.877185664747","1007.17208297982","1074.01589370635","1188.3512973526","1303.92194865881","1349.6213463601","1488.40970623079","1586.38194778272","1450.35184400157","1482.53620301234","1390.04458728503","1483.62975024936","1523.24116157035","1615.44148628867","1783.65065373218","1920.23269584754","2103.35674958001","2376.82207295191","2234.01457141358","2377.8546181794","2672.85395564643","2813.17448261832","2937.20654850437","3135.78936835538","3352.76753512277","3464.36254798977","3681.76305126392","3731.45492056907","3889.82437369552","3863.16590750982","4189.20818789597","","","","",
"Guam","GUM","Adjusted net national income per capita (current US$)","NY.ADJ.NNTY.PC.CD","","","","","","","","","","","","","","","","","","","","","","","","","","","","","","","","","","","","","","","","","","","","","","","","","","","","","","","","","","","","","","","","","","",
"Guyana","GUY","Adjusted net national income per capita (current US$)","NY.ADJ.NNTY.PC.CD","","","","","","","","","","","","","","","","","","","","","576.590090976329","514.733096656883","342.214582070872","408.356598732669","377.563995755177","411.219262489505","447.374624968822","260.34941381539","341.471665637071","264.590171803125","298.790704396444","192.656032279334","255.801731500767","369.892023780079","428.975037320994","465.758584017949","628.657484781393","659.458841905004","709.779690284011","668.523573626964","746.27797399849","747.399288616746","746.574543639742","758.497463102901","798.455956586392","859.686350553024","2733.50918611166","3221.06477242667","3584.96752977616","3740.72456616782","3913.48895486583","4143.23037146601","4619.24045546832","4796.14129553764","4851.67793976158","5104.30054902849","4940.47651505269","5339.46599197662","5476.09050692641","5832.31051620157","5640.6647183442","6274.0574383529","","","","",
"High income","HIC","Adjusted net national income per capita (current US$)","NY.ADJ.NNTY.PC.CD","","","","","","","","","","","2121.93414923767","2321.03408815883","2666.70503671891","3192.99931160153","3494.03818093128","3860.10385054109","4169.5822845803","4672.51098281159","5574.18473065052","6257.76457162877","6858.33903645356","6917.14278492366","6857.05891567951","7003.13387099331","7306.53197511631","7618.48539531788","9218.13693683007","10610.8197483209","11929.6011908666","12291.7439621335","13629.8492014159","14269.0902099931","15203.025444698","15105.7348476613","16159.2423596544","17813.4423198305","17939.7919410702","17614.2347353455","17635.7138484342","18324.9214862007","18604.095170429","18400.085551871","19063.6121001967","21256.8694283083","23681.5207965392","24963.4552628382","26441.9331709776","28705.8264673091","30051.0935549574","27754.7433217028","29405.8085230071","31853.0719692501","31925.8239809777","32158.330336257","32619.4820941179","30324.2505598861","30633.926057204","32084.3057105013","33883.1282594587","34030.7020723811","32725.9437462085","36140.2564652709","","","","",
"Hong Kong SAR, China","HKG","Adjusted net national income per capita (current US$)","NY.ADJ.NNTY.PC.CD","","","","","","","","","","","","","","","","","","","","","5416.81593022407","","","","","","","","","","","","","","","","","","","","","","","","","","","","","","","","","","","","","","","","","","","","","",
"Honduras","HND","Adjusted net national income per capita (current US$)","NY.ADJ.NNTY.PC.CD","","","","","","","","","","","","230.118588743674","243.529102984935","261.400093142955","288.934776960062","306.357957162074","356.733767829057","422.224519841467","777.4781368995","853.640517032056","918.121844636836","914.984773450145","893.794049069646","956.54378929145","1026.9124389394","1085.33095970227","1135.31706230827","1203.48384834523","1104.37740065259","984.379704961525","842.296912927362","768.440865275489","794.013199216033","797.725840490942","727.740988818648","810.22700094045","772.964345367962","837.901370540968","916.074300594531","909.015962079175","987.479239459328","1020.24570751759","1016.22083750261","1033.19477469175","1075.25200909242","1156.22636449648","1254.39192181879","1416.75986702258","1565.55540963517","1622.30670949468","1653.16221939659","1845.24130339683","1860.10670067016","1819.61874563028","1883.32915352082","1996.39078542217","2012.19469966122","2135.67964187189","2141.66476276879","2202.27085729598","2096.97403166792","2404.35299386921","","","","",
"Heavily indebted poor countries (HIPC)","HPC","Adjusted net national income per capita (current US$)","NY.ADJ.NNTY.PC.CD","","","","","","","","","","","","","","","","","","","","","","300.506428251839","289.535272096702","280.956946276428","279.956829853289","284.998524289373","320.056365980997","341.119837586328","337.695424415668","307.883058682454","320.368167939787","321.308663099088","300.694177307674","294.02045315679","232.21716190601","260.061627128652","278.041638695603","280.678994798761","295.148492785327","298.245311407393","311.148706097235","287.094637680826","296.398517255685","318.543972436419","357.23138094019","392.402473475382","445.103935847342","507.647696232503","598.140117772791","610.588477211748","631.851097017182","680.992816836095","694.83202623611","761.13906906045","817.085699401981","781.977018981803","803.089988624764","861.649439364673","801.108521984253","813.230894775076","797.534984457214","824.72996453471","","","","",
"Croatia","HRV","Adjusted net national income per capita (current US$)","NY.ADJ.NNTY.PC.CD","","","","","","","","","","","","","","","","","","","","","","","","","","","","","","","","","","","","4011.33766183975","4376.62483880701","4419.47311057609","4735.01347018732","4265.56722440127","3943.35817329509","4265.19547370258","5076.67741634806","6414.89626494755","7788.7795017295","8699.73337213194","9551.54968457016","11429.3127019484","13195.9447398868","11560.0274281311","11109.9757454789","11677.725467625","10625.5448965079","11265.0096466691","11306.5776711312","10121.6496488278","10404.4554318407","11582.540419919","12984.3036825706","13113.7613041445","12231.3893130622","14553.4842135772","","","","",
"Haiti","HTI","Adjusted net national income per capita (current US$)","NY.ADJ.NNTY.PC.CD","","","","","","","","","","","","","","","","","","","","","232.98777718169","245.570801791587","237.042073242559","260.682049904349","287.155436368017","311.867534538609","355.107879149597","305.347152343966","382.713957231207","392.331875697228","435.897118222087","479.166945822462","305.952834532521","250.265599368037","285.527743277938","361.727437105616","367.872940279244","414.879461792561","453.436258148622","499.661783514782","811.541261147119","736.494051641808","689.22234817248","537.171541574545","656.482167057587","764.3922830211","786.205596386632","983.526640081966","1055.32440169295","1149.86203718664","1153.48163294437","1253.13558218276","1298.95044524483","1388.44601296904","1395.40904962855","1355.407266778","1241.11985680347","1311.65379258808","1424.92917099083","1260.14265114928","1216.06128815658","1736.01502540481","","","","",
"Hungary","HUN","Adjusted net national income per capita (current US$)","NY.ADJ.NNTY.PC.CD","","","","","","","","","","","","","","","","","","","","","","","","","","","","","","","","","","3057.57825470884","3285.22040691809","3401.42121182069","3385.53812192078","3408.6363264382","3550.96987610664","3546.08996355992","3455.92988548547","3992.59880176408","5133.91354821477","6544.61972559891","8019.14275524441","8735.61647399263","8913.27331223339","10606.1127614677","12114.250129756","10131.4804575501","10184.5412366471","10941.7200402543","10013.3594013377","10850.9698903463","11223.6997208241","10029.1474244769","10626.0679533009","11712.6523830967","13248.8072744905","13759.4277925854","13018.2432571075","14920.716250848","","","","",
"IBRD only","IBD","Adjusted net national income per capita (current US$)","NY.ADJ.NNTY.PC.CD","","","","","","","","","","","175.863617086356","188.133620175767","205.765218184164","258.095681884733","305.824892880203","322.629268196335","340.148077105713","377.005049706751","396.682849082903","448.237017475365","512.585279531079","556.004040865026","541.017986982234","520.66676352014","522.959541928822","533.108990712627","552.162934542635","545.441840010433","585.48370745301","615.942836534895","702.586862431281","726.609842033696","786.792279412715","850.22742042016","945.092266479787","1063.83926778745","1162.77816316364","1221.36151330454","1178.09111443427","1127.82896535616","1200.84736454905","1201.3108001806","1208.1073078414","1336.08365024773","1560.02312156772","1828.01595910298","2145.60068479933","2654.43999543216","3099.21120457652","3021.63715090573","3585.79388888057","4111.94534335038","4353.26630248358","4527.47924108825","4648.85629770943","4346.26834382433","4338.82923058496","4750.60301007269","4921.39470329229","4986.16055576554","4730.31234012058","5455.28046117401","","","","",
"IDA & IBRD total","IBT","Adjusted net national income per capita (current US$)","NY.ADJ.NNTY.PC.CD","","","","","","","","","","","167.025334614785","176.602961099681","192.561942227509","238.036226534123","283.866474063735","303.164375651881","317.362125654769","349.019575237034","369.283767951558","414.552519103676","476.848169673651","543.86144927781","524.185882803795","491.967970644234","486.920135272863","494.700442452148","508.102866402493","502.915355353393","536.536674939043","556.497781263205","629.304003839429","648.365562108486","693.644320757715","739.134655947217","811.658110641711","912.241828245184","995.272989825491","1041.07329456192","1004.60303988064","964.45349083562","1023.8705730629","1021.22617558001","1028.7395413125","1132.92634925876","1318.55264945246","1537.10610654455","1802.32190191364","2208.99529616701","2572.96519524863","2508.90277368486","2953.63766524854","3338.23749104013","3525.82050616856","3669.15889020907","3774.6393842573","3534.67427306769","3525.30455857946","3827.85994650103","3948.98939117674","3991.80584569885","3784.21726801392","4316.07715986448","","","","",
"IDA total","IDA","Adjusted net national income per capita (current US$)","NY.ADJ.NNTY.PC.CD","","","","","","","","","","","","","","151.50982413625","195.58256093875","237.53051921016","233.776949415872","239.161713393244","270.187217916647","286.715250791584","352.903939925641","570.150385772297","521.609992274107","418.484747405945","373.589200009566","372.01375475501","359.343924782578","363.92638624017","371.73308615803","343.354881296631","360.294694470835","362.080091463631","348.94509586789","320.050221936229","302.742427849134","342.284069168603","374.272548324933","378.509033986565","378.223496973914","386.78645821263","405.214207196718","399.339812620582","418.485040488008","450.258025649829","517.229989789533","583.122692824812","692.442879879305","785.301659715704","914.284497857459","916.035163571372","1012.2650953712","984.114558368859","1036.97679384529","1112.98663901688","1198.18224597753","1167.47807625183","1179.98666750065","1200.14796865823","1216.08403336987","1236.55405934495","1202.65865489923","1259.01457560327","","","","",
"IDA blend","IDB","Adjusted net national income per capita (current US$)","NY.ADJ.NNTY.PC.CD","","","","","","","","","","","188.338540454418","163.013353506578","175.224064976047","178.034085812096","225.515291413411","270.130607785236","317.016772984017","324.27282588386","359.713632740572","369.494151337271","477.529589787494","962.275623258681","862.025167258364","630.493973132591","525.830943810504","503.460030327772","458.94403982183","445.449233091403","452.520968208998","397.275022263476","413.111475891525","415.568283469521","404.750219947352","349.376812625659","340.685549419265","398.761227752535","430.281085647839","427.977278840234","421.396594273229","430.42221181111","439.237415697607","437.104034771834","478.140581594917","525.587364324379","617.056177577108","706.95834399846","891.196648276278","994.887001070492","1135.02821414943","1082.01700070455","1205.01810678757","1329.33868789311","1455.20425537405","1572.95279036829","1740.41504304893","1648.37792190814","1575.60779258504","1508.3355851992","1594.48937619084","1558.68562660728","1477.63675454845","1565.66053812151","","","","",
"Indonesia","IDN","Adjusted net national income per capita (current US$)","NY.ADJ.NNTY.PC.CD","","","","","","","","","","","72.3708762060166","71.7369795463542","80.2881771021154","113.532210959059","156.966778066322","185.309469396158","222.846570990879","262.189615762752","291.520325340708","236.52339046581","345.279422590926","433.402957779719","484.665562406195","414.678609569469","420.679056043349","420.823471015746","404.134059696845","363.40069984675","405.080251876284","430.973343223676","467.47184493114","528.784759985823","571.628705584699","709.743703365173","797.622758867245","892.881163945033","987.389234001607","922.733476525999","383.893980626877","541.658433287368","616.192538040559","526.314350932635","651.104701604867","764.557368234541","803.371952628852","865.569608947235","1113.10839668185","1305.28325472612","1522.69023336898","1652.47709803457","2298.91253072025","2645.0792861315","2728.13458844491","2691.45637447959","2593.31164512136","2534.72294699095","2782.5246712864","2937.31758852975","2925.85969262413","3080.80722543722","2933.53350888507","3189.24304681592","","","","",
"IDA only","IDX","Adjusted net national income per capita (current US$)","NY.ADJ.NNTY.PC.CD","","","","","","","","","","","","","","","","","","","","","","286.404663029817","274.108087881832","270.22818679789","271.793487777978","286.447663208381","298.616698109213","317.571215888762","325.626887117009","316.836420852392","334.850865969218","335.576532218499","319.868606530778","310.388827879873","285.649439029473","312.600349401882","345.904351146123","354.964948961859","359.131772699723","367.515271713586","394.200206158352","385.82529141271","392.176089633703","415.192331533493","468.774948470278","521.537584759599","587.97973043613","675.933591360474","800.421965091797","834.987695649993","916.63888554075","795.781534339383","808.266039248775","861.181558736834","901.217787984189","904.550640813956","965.163162907363","1034.4506074831","1012.13507573553","1065.08366060922","1057.91514094799","1097.34741572474","","","","",
"Isle of Man","IMN","Adjusted net national income per capita (current US$)","NY.ADJ.NNTY.PC.CD","","","","","","","","","","","","","","","","","","","","","","","","","","","","","","","","","","","","","","","","","","","","","","","","","","","","","","","","","","","","","","","","","","",
"India","IND","Adjusted net national income per capita (current US$)","NY.ADJ.NNTY.PC.CD","","","","","","","","","","","105.853901185273","111.58784990437","115.792655762797","135.478649934479","152.952809760255","145.562448297547","148.791579526606","170.574949984387","188.784919720998","205.228306907744","246.162195701362","246.836986810122","247.600066664912","264.27087578229","249.696817293062","265.491615254542","279.509610552341","304.698055864742","316.468911110229","306.420834315796","323.435190581745","264.70371972044","277.208128252816","264.80622704776","305.780238590582","329.88688747398","354.19953698534","367.343868158889","366.990267407112","391.156617196935","387.700910295067","395.602518961072","412.638973310613","479.431463097695","546.628023724287","619.796128035521","698.213955206732","890.258418756608","850.574769256888","956.186004535912","1165.59852909655","1244.43372579878","1232.59948449774","1236.80940562472","1346.59158743828","1384.91262482343","1481.89005549439","1710.8931713233","1719.18186680299","1784.9487427604","1637.8225185659","1907.12903981633","","","","",
"Not classified","INX","Adjusted net national income per capita (current US$)","NY.ADJ.NNTY.PC.CD","","","","","","","","","","","","","","","","","","","","","","","","","","","","","","","","","","","","","","","","","","","","","","","","","","","","","","","","","","","","","","","","","","",
"Ireland","IRL","Adjusted net national income per capita (current US$)","NY.ADJ.NNTY.PC.CD","","","","","","","","","","","1443.59879737226","1649.94703136616","2015.11803417849","2324.6366754864","2393.77075403941","2852.41031754761","2759.33048277551","3185.62882410947","3975.90341348367","4862.0161709196","5625.17991056906","5302.52751343084","5301.82526312207","5012.11674681006","4740.23465325359","4943.84696965158","6735.04970723617","7958.28061312115","8807.27051229958","9050.67248604882","11511.7317374007","11546.7103112557","12710.5893920892","11914.6307264254","12930.8562302789","15304.2264372008","16767.8814326786","17871.6128981867","19104.2610227252","19985.8120168205","19929.9495267146","20897.7995573813","23657.0507814107","30561.3408946143","35219.2081788199","37328.6403236764","39722.04914536","44491.2338100507","44667.2992086158","36126.1394088193","33922.9980826575","35191.6231310594","32552.7401406923","35850.3570549524","38740.0917008455","34222.8299161341","35926.7686586943","37935.7025101349","41387.2047019074","41939.185003097","39542.5335670844","48855.6690559124","","","","",
"Iran, Islamic Rep.","IRN","Adjusted net national income per capita (current US$)","NY.ADJ.NNTY.PC.CD","","","","","","","","","","","277.417178776158","332.186822330112","406.722377995901","630.200723401727","827.649179788845","1018.15927616208","1319.3163997547","1529.83170891927","1341.89606675714","1638.16717900272","1668.56020630647","1763.87712064631","2173.62477398158","2672.43610367854","2672.81634819778","2874.20350321499","3281.99397446058","1971.43409064116","1745.15899407179","1617.32402274869","1570.47257695465","","","726.757469787615","836.703122042684","1132.9405126289","1424.82545049108","1365.6370995887","1348.76841915588","1366.07271137547","1230.08603015755","1474.28902267592","1547.45524990723","1811.85886889197","2159.59458996973","2490.11802061229","2855.84739695698","3783.31866075573","4309.41443630253","4484.78159148822","5251.43759947395","6665.12100804781","6645.30886434967","4917.12729892383","4502.34898413604","3932.2234085964","4427.61750375167","4532.12029295566","2766.46348579707","2449.49485676075","2072.10124239802","2981.34828975041","","","","",
"Iraq","IRQ","Adjusted net national income per capita (current US$)","NY.ADJ.NNTY.PC.CD","","","","","","","","","","","","","","","","","","","","","1928.65029434162","1742.02154163166","1889.67184541978","1839.81458590599","2099.28836548859","2005.12299226399","1947.1146609512","2212.21168904206","2499.66532439799","2462.02554469043","7443.48657114444","","","","146.532486068804","468.550095509174","363.268857847536","683.10534986017","666.715280077353","1223.73503184339","1533.19546294735","1054.81940433984","933.326875899922","615.60060712545","962.78093872402","1158.77396136837","1590.41098817599","2305.8611261486","3568.36598351699","3071.18547510446","3551.32758445856","4354.17958426604","5002.74056996271","5163.90666251435","4773.25007506029","3504.84662237963","3430.95675902579","3665.4201140894","4178.25945972242","4315.56392209794","3540.93697589333","3731.8369389844","","","","",
"Iceland","ISL","Adjusted net national income per capita (current US$)","NY.ADJ.NNTY.PC.CD","","","","","","","","","","","","","","","","","","","","","","","","","","","","","","","","","","","","","","","","","","","","","","","","","","","","32094.7202168529","32294.153175145","39104.0980931577","43168.2141062077","42267.3124700422","49914.1793653764","58236.9120484502","58426.7991505448","57484.4960902655","48009.3862031558","54204.4243535276","","","","",
"Israel","ISR","Adjusted net national income per capita (current US$)","NY.ADJ.NNTY.PC.CD","","","","","","","","","","","","","","","","","","","","","","","","","","","","","","","","","","","","15551.400824621","16474.7385623222","16610.0013239002","16355.7910513337","15722.4757557853","17005.3560661161","16734.6485765903","15128.8129407911","15551.5696865501","16385.3187612031","17305.2642072982","18552.8636737514","21284.105690416","24640.182329497","23010.0151762063","25869.4206803693","28664.6385944785","27194.7034534654","30702.8124548348","32314.1591036844","30461.9624080949","31762.5822524842","34950.8149506346","36072.4843982682","37723.8494525074","37501.00899771","43494.5020003156","","","","",
"Italy","ITA","Adjusted net national income per capita (current US$)","NY.ADJ.NNTY.PC.CD","","","","","","","","","","","1885.39464182517","2065.63141793999","2392.98194413305","2856.00694216653","3175.55491289831","3552.84020278393","3500.87918448711","3994.61027396291","4887.07290879085","6135.48218915419","7327.41490422454","6481.81713075892","6405.680465131","6657.58356952535","6585.72654575999","6779.2261349547","9613.75732245069","12141.0925718075","13459.9458501539","13971.5235647523","17626.7324289339","18534.2528616928","19513.3040677736","15682.4381523067","16163.1695573707","17379.7663739652","19503.2918614518","18550.1548690341","18944.1691741568","18736.8958383165","17082.6588181971","17393.4475276397","18872.6926872099","23156.0017730543","26369.7395818151","26970.7071797138","28211.9089055601","31664.0346196455","33583.5568799886","30476.9632151609","29345.0676095474","31334.4044340144","28253.6457649136","28906.2731774372","29286.5089146795","24739.6663310565","25769.1783329377","27107.1311099962","29028.9048415208","28011.1654797522","26185.7825880221","29681.5571261882","","","","",
"Jamaica","JAM","Adjusted net national income per capita (current US$)","NY.ADJ.NNTY.PC.CD","","","","","","","","","","","","658.580718648194","837.442880715506","836.766284521203","1055.5246816092","1233.83165415809","1201.17826531389","1284.71752421601","997.038762278818","878.229253463028","930.169396099434","1062.11874001769","1172.88912507669","1310.72535333056","769.387141513176","646.032063353638","903.460102437585","1095.16537120572","1313.87879928139","1523.60287710869","1564.25029630605","1360.31928987571","1205.24871133835","1962.88752599755","1883.42979288397","2276.14457630055","2593.56318782736","2936.47888401675","3033.53561585087","3011.88904534487","3036.42713344452","3057.40468819469","3165.36655914652","3051.27158931526","3286.05615679617","3589.50486157689","3797.72133127971","4047.62533752347","4363.19184475489","3799.64928689183","4226.14470396807","4598.82760961118","4821.19934628074","4572.78474934545","4450.63934843603","4502.11457548925","4400.84568550138","4702.44590041097","4932.90519927775","5023.71403246167","4381.26767549622","4687.72767428817","","","","",
"Jordan","JOR","Adjusted net national income per capita (current US$)","NY.ADJ.NNTY.PC.CD","","","","","","","","","","","","402.933183143145","448.693555444835","521.788440397977","639.223841052278","709.815331155412","846.523587459969","1012.4306449222","1218.35833502528","1482.16792186836","1692.28940533615","1833.82980131529","1858.01793456281","1853.92695615079","1742.43398804122","1636.52976801884","2004.80181815631","1988.5526678657","1723.11902585775","1105.01289503","1007.32499187905","921.598313250566","1113.21114870383","1130.27765512207","1203.69252215821","1257.44337502169","1243.7921101021","1277.13917791715","1376.73710023068","1380.82572239787","1463.00954780363","1530.68527069219","1585.61267810006","1670.73272732123","1849.00314584859","1985.85607636576","2251.4658617969","2410.79966564894","3041.53688362848","3209.30109071818","3408.73966190751","3603.89627287912","3812.818734422","3974.53374392152","3857.53383385576","3716.73955713132","3652.76040684136","3803.78052933119","3892.45545952503","3983.96832628706","3856.01645484083","3934.82139218763","","","","",
"Japan","JPN","Adjusted net national income per capita (current US$)","NY.ADJ.NNTY.PC.CD","","","","","","","","","","","1692.66232246121","1864.88938919537","2425.55032971188","3263.79109513444","3583.74572747588","3877.48242702155","4339.49409538839","5295.64927151205","7402.38802770401","7612.65154051642","7869.36561487187","8531.6704654244","7882.81480744676","8564.06475828283","9025.19974482058","9518.30455558943","14023.7258282322","16977.2245145043","20502.5996906274","20145.0749048448","20510.0361844857","23156.4607630398","24932.5598073153","28050.3056849654","31293.5211877147","34830.748925501","31065.9016738947","28128.5010400387","25348.8645607892","28509.3582043599","30664.4104411987","26963.2759163497","25619.9182250266","27744.272425243","30235.081846415","29916.3767549197","28494.955449886","28372.3576600453","31016.5669173376","31604.2766246003","34955.3161952781","38054.3422029345","38500.5841855472","32389.6268303067","30542.9776938773","28006.3068674064","31470.2529175311","31134.5419431364","31788.5160901558","32283.7707170925","31293.4159991868","30520.0704825716","","","","",
"Kazakhstan","KAZ","Adjusted net national income per capita (current US$)","NY.ADJ.NNTY.PC.CD","","","","","","","","","","","","","","","","","","","","","","","","","","","","","","","","","","1063.25270157052","954.244487204299","980.915526231975","994.432303881177","1088.79729259471","","821.28072924261","705.906403475366","950.665736415632","1022.42775886517","1299.92453801921","1708.48247768514","2057.47700608767","2838.76119569411","4151.74143039249","4934.35718946415","4635.11810643916","5653.05788043253","7013.22568097988","7790.55170821275","9303.20163394536","8650.95066544383","7837.74870865595","5573.04179333214","6430.94922030459","6378.17308245262","6467.85264046512","6516.65453099142","6362.63178237645","","","","",
"Kenya","KEN","Adjusted net national income per capita (current US$)","NY.ADJ.NNTY.PC.CD","","","","","","","","","","","","125.197223667446","143.233938826877","157.132964555929","181.751349283318","191.209111922812","195.034671883779","243.774142102285","280.169729761237","318.337845710813","360.470989963823","328.269620255976","288.315250890692","268.674184319306","271.438682289481","261.781650055738","296.420892972967","314.920902136671","316.927487746549","304.381336292993","296.243496640798","269.527513390706","261.24539763267","169.660628327685","209.525941860678","255.411188827348","343.033827466136","369.848206619726","389.387903515519","347.5367338206","333.470737886325","331.555826174757","322.680724081098","347.014957679913","369.749970660495","426.178548069274","581.719839377265","695.143847546551","763.586805925497","765.537596638505","807.776574009614","828.026116298363","967.091990329189","1019.04219014665","1096.77854780682","1120.34172702268","1304.8895295829","1389.23196207593","1547.85125553026","1676.29579150204","1643.94491446796","1789.59666490958","","","","",
"Kyrgyz Republic","KGZ","Adjusted net national income per capita (current US$)","NY.ADJ.NNTY.PC.CD","","","","","","","","","","","","","","","","","","","","","","","","","","","","","","","","","","","","","","311.539102155603","275.385877159971","203.238770751357","218.430928957692","252.57094068257","261.421296609512","318.487613873154","358.881121484605","403.028659194577","477.433938507176","644.476937442719","803.812759583038","724.24772623578","671.880432589619","818.876037538923","982.579394183284","969.031361652723","968.743924547533","837.5652300792","872.44209073584","942.903199521853","1050.33154746016","974.762407343601","910.155445937892","870.46598596288","","","","",
"Cambodia","KHM","Adjusted net national income per capita (current US$)","NY.ADJ.NNTY.PC.CD","","","","","","","","","","","","","","","","","","","","","","","","","","","","","","","","","","","","325.435967245214","303.55335752404","281.375388695205","241.617520097686","264.693452561487","268.383622166816","286.368937031684","299.714194629972","322.076172223457","361.658575888605","419.504731926381","476.706205226609","561.046525678652","659.228334476388","643.035178194885","687.865575673481","768.894933595353","823.902745546466","872.223941710977","933.423915213085","993.640744646188","1084.87615830635","1181.81812652387","1285.94081857721","1390.35959003667","1331.13531828024","1343.72667633843","","","","",
"Kiribati","KIR","Adjusted net national income per capita (current US$)","NY.ADJ.NNTY.PC.CD","","","","","","","","","","","","","","","","","","","","","634.673318248131","611.494238434093","656.341519787992","666.000991480034","553.553998586515","429.924734991577","411.457949442288","522.192972686754","617.163965269941","618.407762420337","641.315167164082","943.664032143692","955.48795160263","881.268618949383","1004.28976262887","1073.7159938582","1063.80488982139","1269.72205179379","1277.28845865956","1221.0732819878","1169.42508581754","1150.78052490049","1193.21220921069","1369.54031443022","1474.06710900841","1526.94985307964","1462.6429509993","1757.94377606364","1877.17035629495","1626.98040762366","1979.37891683813","2146.01911286482","2423.71262090668","2534.25933132854","2789.21618743396","2892.30740154978","2569.43655238565","2872.65302835741","2883.0401819475","2900.96263916282","2559.71714939559","2801.82218514503","","","","",
"St. Kitts and Nevis","KNA","Adjusted net national income per capita (current US$)","NY.ADJ.NNTY.PC.CD","","","","","","","","","","","","","","","","","","","","","","","","","","","","","","","","","","","","","","","","","","","","","","","","","","","","","","","","","","","","","","","","","","",
"Korea, Rep.","KOR","Adjusted net national income per capita (current US$)","NY.ADJ.NNTY.PC.CD","","","","","","","","","","","","283.331264289183","302.649278225499","376.669309613476","523.097497941213","564.890122529495","766.100847939995","968.734621969002","1302.21093771142","1633.32303203975","1533.7148958201","1671.64727478385","1761.8785830434","1940.4585282402","2129.1368066103","2160.85944659185","2461.95909894932","3106.47193148483","4153.86663408533","5105.18235263793","5772.22375598978","6701.85299538333","7058.16544753052","7693.67175933758","9013.01368238903","10703.034359358","11335.6204824587","10379.6907762858","6659.15345768232","8686.61891086988","10066.4200985353","9481.99764965363","10921.4179578445","12133.2449707744","13671.4468231885","15951.3767895808","17949.260053462","19974.0308851783","17500.4116780043","15514.2115242779","18937.4316730492","20578.1729635886","20885.063456583","22213.541075093","23855.8235209159","23450.9899045907","23960.5291161577","25890.4463157708","27237.4030768991","25831.4551500679","25451.5171697547","28058.8301659895","","","","",
"Kuwait","KWT","Adjusted net national income per capita (current US$)","NY.ADJ.NNTY.PC.CD","","","","","","","","","","","2210.94057709989","2649.45734763169","2457.63763088825","2891.75358017253","8201.87886492699","9652.83655105927","10011.8084604358","10477.1761567757","11074.0017437301","","18709.0634986377","18918.8128160282","15513.7195110328","13498.9741838273","13361.261822255","12660.2986205942","12081.3772790592","12590.1501831237","12051.681450115","13592.3984330224","14369.5855579071","10899.4676310399","14038.1574507878","14501.1974540932","14492.1810452077","16608.6804872169","18536.9881388503","18012.4281700002","15236.7006261073","16556.0195348253","19441.3706524212","16763.551736274","16861.6494847062","20237.2849272076","25692.7132845366","33271.0458318126","41054.7797484507","42830.2908276856","49271.7994826559","34019.6314587527","35309.5630976852","42038.7750216317","43810.6422087909","42999.9943620475","39694.1573477494","27811.7129060816","25708.1321508735","28379.0766464995","30000.6815806024","29080.1062170505","","","","","","",
"Latin America & Caribbean (excluding high income)","LAC","Adjusted net national income per capita (current US$)","NY.ADJ.NNTY.PC.CD","","","","","","","","","","","498.673906123878","548.903902606862","604.534311825842","779.308091940657","996.628492853152","1036.29761647453","1109.8354783205","1172.91235746392","1294.72021330701","1469.76108012604","1686.57618625213","1910.20079383628","1703.88140311249","1416.85386154694","1411.32607679423","1355.35766904761","1360.86731563566","1424.00488565752","1577.27210233833","1747.22646447209","1995.76318558344","2153.23328939269","2311.24041194838","2696.24318507619","3139.21405693216","3299.29643896143","3568.72236999449","3826.63386254576","3760.32282081988","3225.02899768556","3491.2515661638","3356.23575479318","2948.66018706427","2946.29240628398","3292.88068428256","3904.77605497098","4546.76397552047","5344.83423544912","6052.53040318805","5562.93792571631","6794.30214496551","7724.22857814271","7520.79280972945","7710.55162565592","7686.04782910528","6553.17714564554","6269.60602471778","6969.23767314301","6610.08330230246","6476.9787161795","5390.8106129675","5995.79342411758","","","","",
"Lao PDR","LAO","Adjusted net national income per capita (current US$)","NY.ADJ.NNTY.PC.CD","","","","","","","","","","","","","","","","","","","","","","","","","421.511699207118","560.027117632488","402.396810367774","232.97222159807","118.713546171162","139.327805558664","162.756919392573","184.597881401776","194.450086888237","224.397439988203","253.184338833848","271.46337259412","284.919724581743","254.882456302568","177.221689467","213.175453460655","243.745849463011","252.120198858656","250.717914843293","268.958223388809","318.946012621929","370.338040147785","425.695351106731","525.252289589994","639.09728294812","704.161201174704","778.212195334581","941.354567897898","1153.61069222268","1362.19016882437","1523.37468817825","1643.22180936362","1787.3050194948","1846.31521684536","1953.82415189024","1950.7763945139","1928.62668504618","1837.87641019465","","","","",
"Lebanon","LBN","Adjusted net national income per capita (current US$)","NY.ADJ.NNTY.PC.CD","","","","","","","","","","","","","","","","","","","","","","","","","","","","","","782.176137077439","834.292138428677","1163.67022450468","1390.92211463686","1802.89031501148","2189.69438209048","2658.29220315012","2995.72050003695","3200.66908263367","3516.48211319046","3578.74824539676","3524.82831261754","3443.8005442675","3560.38534354079","3123.77140707065","3796.82079868005","3907.23091456194","3895.90674754671","4465.90891619742","5096.210196868","6000.497359861","6308.87356695249","6367.03041950581","6810.3477368797","6626.86854661854","6113.99873005568","6260.06246964872","6589.18847094432","7103.13047797276","7334.31086718409","6971.8301788814","4242.29948986974","3026.70866734456","","","","",
"Liberia","LBR","Adjusted net national income per capita (current US$)","NY.ADJ.NNTY.PC.CD","","","","","","","","","","","","","","","","","","","","","","","","","","","","","","","","","","","","","","","","","174.259462958923","155.13624155931","130.447174079756","56.7359046950058","143.012446825936","148.487241136215","180.679466579976","199.688016781424","245.42838973632","238.901893583278","271.137179096866","330.791676397915","329.10036869894","373.687031815587","347.800595664606","379.123192592651","372.013504554038","354.613126306163","386.918153000931","352.741752606161","328.062800029902","339.120919141194","","","","",
"Libya","LBY","Adjusted net national income per capita (current US$)","NY.ADJ.NNTY.PC.CD","","","","","","","","","","","","","","","","","","","","","","","","","","","","","","","","","","","","","","","","","","","2809.39278869605","3590.8455001758","4085.02668905997","5564.55381798092","7050.5711391169","8271.09389811083","9798.43334493738","7193.86826139813","8540.67759104187","6565.7450742826","10586.5952336717","9167.46639390594","7679.63077029158","6649.33852850878","6705.13491711163","8732.53320432113","9433.62486539526","8419.92661528899","6394.7428679149","4638.50082445021","","","","",
"St. Lucia","LCA","Adjusted net national income per capita (current US$)","NY.ADJ.NNTY.PC.CD","","","","","","","","","","","","","","","","","","","","","1270.90467338839","1415.32635162875","1303.40278871214","1386.31337549056","1756.65694055527","1944.94651312805","2303.91926916087","2509.56340720399","2816.67298760833","3170.60944820178","3577.9419647161","3742.69231739149","4106.01272122129","4075.08205055393","4190.59926144616","4402.73752251433","4545.91455647973","4536.04211151828","4842.19204393657","5019.08031876706","5294.05801903921","4907.15874947239","4950.45715159415","5354.51606729767","5670.25550017749","5962.39498372132","6513.69403850437","6834.71983245711","7254.77664734888","7086.3095138734","7134.88730904895","7769.70149173602","7593.23148817767","7402.64406662904","7842.13650286061","7573.11171709814","8082.59353208169","8514.1198144454","9143.95338315427","9151.96218063976","6991.91488090732","7655.16307116389","","","","",
"Latin America & Caribbean","LCN","Adjusted net national income per capita (current US$)","NY.ADJ.NNTY.PC.CD","","","","","","","","","","","530.508694900655","585.139935732188","639.744480601301","822.147975791073","1024.94945759011","1047.45083987941","1130.91528236062","1216.47593635086","1340.3510078216","1517.41536775131","1764.75982759472","2000.99643767689","1796.34487085485","1504.98337298891","1479.27655720175","1429.92062607159","1434.30696871004","1473.6207119737","1639.8884510649","1760.1429271166","2005.00733090672","2178.30586248494","2354.96152963179","2709.97992128218","3121.46546557442","3329.57251601419","3566.40886053775","3846.66293219351","3798.72906753521","3306.17201136938","3575.2830339765","3448.03342716482","3013.44433287481","3000.16203409271","3388.02562386737","4031.31888766871","4706.06205298333","5554.81896437211","6374.50792924654","5915.36812143509","7191.49308020159","7956.65836921379","7902.53110308884","8089.207015375","8175.14855087632","6895.79286002883","6629.94165232724","7341.13586786106","7024.55591546044","6893.45426472488","5765.74780502963","6415.19264339069","","","","",
"Least developed countries: UN classification","LDC","Adjusted net national income per capita (current US$)","NY.ADJ.NNTY.PC.CD","","","","","","","","","","","","","","","","","","","","","","","","","","209.790841095759","215.655308404361","228.13774864709","238.935237077342","243.437513198222","253.788317090467","255.97774137292","224.349939445582","216.997481395126","189.933379158695","212.204224742635","239.004549438322","245.612562510222","246.90971139308","252.137866426173","277.835240807961","260.854360876735","273.298612478487","293.378702927702","327.881217856472","363.481387654541","401.32533013175","456.008946230815","537.622940284698","583.302942811829","627.312736278549","714.444234725959","754.23625582293","812.819914702986","867.796130657486","846.167341554338","874.262454344317","945.528658003008","913.705565767039","971.238899649803","972.675451397167","1010.73424637002","","","","",
"Low income","LIC","Adjusted net national income per capita (current US$)","NY.ADJ.NNTY.PC.CD","","","","","","","","","","","","","","","","","","","","","","","","","","","","","","","","","","","","","","","","","","","","","","","","","","1092.13885538194","1172.25671828014","673.019415612087","641.822470113069","634.56248198868","665.595285604897","647.682565966753","631.323604549635","686.016436145365","532.316264091603","541.469791217033","490.921083620117","489.188018921532","","","","",
"Liechtenstein","LIE","Adjusted net national income per capita (current US$)","NY.ADJ.NNTY.PC.CD","","","","","","","","","","","","","","","","","","","","","","","","","","","","","","","","","","","","","","","","","","","","","","","","","","","","","","","","","","","","","","","","","","",
"Sri Lanka","LKA","Adjusted net national income per capita (current US$)","NY.ADJ.NNTY.PC.CD","","","","","","","","","","","","161.966607411347","173.306712311087","189.823162904289","231.677184617168","235.323235199757","208.328601429373","236.071478213326","158.701238176364","217.658559474999","255.535480251548","273.707251008326","296.327312889368","315.756056090972","361.7845146592","364.738554580256","386.748629685934","398.103705567724","413.490333784635","409.12065207813","466.989225114994","515.578573925898","550.902385680957","577.728805768801","640.15153951073","694.51939254671","725.528049524658","776.481454379133","783.331058366301","760.027077510391","778.140558364358","746.141214462952","778.622640423136","888.425925183804","959.773203752468","1122.01885170318","1284.77614479697","1464.28480233229","1803.63201934867","1883.51254104338","2605.86359540469","2983.67214570735","3051.57247314443","3394.73050035872","3591.51335667154","3677.66226183765","3756.43685213437","3967.81781646875","3936.04600075313","3671.849396381","3490.72590210904","3611.59123580456","","","","",
"Lower middle income","LMC","Adjusted net national income per capita (current US$)","NY.ADJ.NNTY.PC.CD","","","","","","","","","","","","127.173811518369","134.289006309824","151.403662676905","179.381101334082","192.392917245265","196.028978136028","213.631942289535","237.783269239854","258.061943338222","311.463862186064","392.334567665295","378.430442663716","345.444351296464","318.520826897081","324.98386977018","331.519959530604","348.398268636895","357.563873027535","346.960783529125","363.352586605535","337.775629900394","345.461851071048","332.535866860599","364.820885146113","407.247563155028","442.092143197119","454.924698802463","453.390773985385","473.296549443276","472.400616373834","472.407140531403","488.879704991548","540.886661570351","606.475265222892","681.302583339872","788.174990333881","945.642333170998","1010.02932742645","1072.39352002346","1251.66057069614","1364.23336705225","1427.10180939202","1496.26164650966","1612.68654034525","1614.71908824191","1664.62089422493","1755.50502357982","1811.26099301057","1875.23567838432","1793.59186720062","1975.02665573096","","","","",
"Low & middle income","LMY","Adjusted net national income per capita (current US$)","NY.ADJ.NNTY.PC.CD","","","","","","","","","","","153.497781227569","161.909520993877","176.895956902135","218.072445210844","261.318548472397","281.361550047794","292.993860800931","319.862101488744","338.377787978319","379.503947214635","432.718543702936","493.093284558936","476.22932219196","448.956006552871","446.426644827689","452.925245074843","465.224442092052","460.277168320789","491.16614461672","513.627939145614","582.947232853741","597.258195071244","636.776900738057","687.369762315225","765.075205397967","858.021315591803","935.320359720025","975.687455478268","949.177556950263","918.305967701318","969.032638844153","954.954198300657","961.939605705455","1056.50232173659","1210.81522236711","1395.52036684249","1623.93072801729","1969.58377672034","2262.94893016361","2286.15552599776","2693.13412866832","3030.59339013277","3204.5841906605","3345.56497047253","3478.87294027309","3357.59769880521","3361.29925736194","3627.25263467878","3733.98777963378","3775.19826559034","3584.57230689367","4101.78449719237","","","","",
"Lesotho","LSO","Adjusted net national income per capita (current US$)","NY.ADJ.NNTY.PC.CD","","","","","","","","","","","","","","","","","","","","","452.331153672096","458.940021492517","421.142260119871","461.108086028386","387.588675463143","283.800348364527","318.091945340517","397.598938292202","428.582832954533","422.752784679409","492.149477112999","544.695854532005","594.734539053326","566.866200815225","574.929781416361","624.165491661909","585.311502192284","606.034832095527","529.936946768062","536.458784234083","505.38578639148","545.581314515029","512.334087377297","755.623618014311","964.913196892365","1031.30103837496","1072.74068777147","1102.99345372977","1102.2625568441","1017.31967482974","1229.36400093866","1266.36395838085","1164.68506946921","1091.08275648873","1092.37406122064","1055.64292338802","929.056985211583","1004.31863018101","1105.38480155035","1054.94924662299","927.472701142479","1037.38612572822","","","","",
"Late-demographic dividend","LTE","Adjusted net national income per capita (current US$)","NY.ADJ.NNTY.PC.CD","","","","","","","","","","","177.683408180553","193.576576507238","216.24752832098","267.668559982017","302.986079482135","327.032856850736","344.804098382754","392.671911554701","402.720963696465","453.506187007795","491.17173878287","517.648573381131","522.70898917629","472.215008606792","495.712542059532","501.813547187397","535.991645246568","539.711502681234","603.164130736108","697.141870403622","721.437236812563","729.164248395358","782.822981595361","817.625534299507","972.514046309593","1223.19125754818","1369.5073962437","1419.87831314292","1357.85716810347","1230.76163158866","1329.71194036357","1364.21897106018","1436.61222217105","1620.15445235117","1926.6051175994","2296.12812709315","2757.55379427474","3477.88301952978","4224.43179735558","4094.8801421927","4812.85449736928","5688.7846028271","6108.50388006819","6513.68932941486","6746.93902876378","6272.51212720836","6250.31857372651","6915.37288658743","7410.03750574875","7501.96759444765","7229.8266741831","8407.63943638657","","","","",
"Lithuania","LTU","Adjusted net national income per capita (current US$)","NY.ADJ.NNTY.PC.CD","","","","","","","","","","","","","","","","","","","","","","","","","","","","","","","","","","","","1677.01615135564","1854.33919474498","2302.50583873607","2609.47574008254","2540.95744768078","2714.04964885985","2951.42623643032","3519.70926706041","4627.56737922419","5670.2705741579","6739.68215545756","7914.20036424818","10359.4260498631","12654.5266429362","10330.1190945442","10178.3649192088","12036.5804236327","12007.9053991298","13275.9682376104","14144.8293175813","11817.7140562726","12434.7199615152","14062.1051983009","16097.9363141893","16357.8528123759","17014.0507700375","19903.5594370349","","","","",
"Luxembourg","LUX","Adjusted net national income per capita (current US$)","NY.ADJ.NNTY.PC.CD","","","","","","","","","","","2560.0379847063","2606.95490869913","3359.58590295338","4464.65905290064","5638.35538164056","5831.34977477362","6775.85911264125","7720.07424018364","9649.66838349789","11165.7112441578","12386.0360486924","10849.0670303732","11053.261366705","11156.7910054063","10766.9806264385","11177.2624534298","15916.4139584928","19846.2995320317","21960.2744474778","22977.0799932979","29362.461713885","31763.6128635752","34716.5882082649","34641.017935881","36483.0148657969","43847.2654289292","43245.5031525444","39892.7340631143","39106.5735348013","41453.6744113482","37783.6626711242","37797.4519676338","39425.7444672709","46904.2557207792","61572.5383844338","66045.1552194469","64252.3925829074","81562.14558327","82579.1775835058","57334.1841328838","63207.6945814129","68844.4016541267","73525.2286013216","72403.40850548","75837.9784838629","55729.1041568576","58461.7998856095","66052.6380531479","69498.2737643053","62146.077047776","66535.3895480755","77781.175704672","","","","",
"Latvia","LVA","Adjusted net national income per capita (current US$)","NY.ADJ.NNTY.PC.CD","","","","","","","","","","","","","","","","","","","","","","","","","","","","","","","","","","","","1434.05538125183","1568.90558144971","1791.47170965357","2004.87218336265","2121.72914103001","2394.04288065909","2656.41402090795","3108.96231195239","3880.13304217233","4790.851243758","5847.9349088874","7276.71282395309","10669.3749667812","12648.5630682463","10284.5689006235","8646.37710830057","9962.77989268372","10297.666032066","11293.1521001313","11936.7588595393","10454.8516617486","11023.2190602323","12167.3661329662","13751.5691915975","13837.831744773","14147.461265097","16238.8897578519","","","","",
"Macao SAR, China","MAC","Adjusted net national income per capita (current US$)","NY.ADJ.NNTY.PC.CD","","","","","","","","","","","","","","","","","","","","","","","","","","","","","","","","","","","","","","","","","","","","","","","","","","","","","","","","","","","","","","","","","","",
"St. Martin (French part)","MAF","Adjusted net national income per capita (current US$)","NY.ADJ.NNTY.PC.CD","","","","","","","","","","","","","","","","","","","","","","","","","","","","","","","","","","","","","","","","","","","","","","","","","","","","","","","","","","","","","","","","","","",
"Morocco","MAR","Adjusted net national income per capita (current US$)","NY.ADJ.NNTY.PC.CD","","","","","","","","","","","","261.453186035156","296.615386962891","353.8740234375","426.646118164063","482.964141845703","501.529846191406","559.663330078125","651.384887695313","758.248046875","998.91796875","781.729370117188","755.085815429688","674.487060546875","602.377502441406","581.920654296875","760.484619140625","827.846740722656","939.179260253906","953.638000488281","1083.36975097656","1141.00769042969","1172.01538085938","1076.14184570313","1202.64318847656","1279.98486328125","1410.634765625","1255.75744628906","1332.40417480469","1306.73449707031","1202.2734375","1206.07824707031","1276.81176757813","1555.91442871094","1760.41003417969","1834.76000976563","1990.34460449219","2259.54272460938","2610.6884765625","2563.62060546875","2500.9736328125","2673.56787109375","2577.33471679688","2790.13330078125","3042.84619140625","2796.48999023438","2795.94091796875","2933.34228515625","3118.4580078125","3125.27807617188","2909.06909179688","3372.8427734375","","","","",
"Monaco","MCO","Adjusted net national income per capita (current US$)","NY.ADJ.NNTY.PC.CD","","","","","","","","","","","","","","","","","","","","","","","","","","","","","","","","","","","","","","","","","","","","","","","","","","","","","","","","","","","","","","","","","","",
"Moldova","MDA","Adjusted net national income per capita (current US$)","NY.ADJ.NNTY.PC.CD","","","","","","","","","","","","","","","","","","","","","","","","","","","","","","","","","","","","","453.315241988886","513.489541483517","432.87825288654","286.386820555119","339.604030482505","416.09366249617","499.135478799376","625.59474146362","850.46556212134","998.25620702563","1133.87793272322","1435.21838320135","2007.00225035806","1737.65385855233","2325.87244085878","2846.27375250182","3043.2465579593","3304.0594084603","3280.62100891156","2491.67513584521","2721.02930223246","3335.53683701674","3942.50613533012","4190.86522108805","4098.90769499224","4753.25524379629","","","","",
"Madagascar","MDG","Adjusted net national income per capita (current US$)","NY.ADJ.NNTY.PC.CD","","","","","","","","","","","","","","","","","","","","","551.795498362718","484.321271985376","470.194130863507","450.722326434695","360.625475828359","344.460562940222","379.116446418441","263.777876997528","252.098914723563","240.737906852049","291.890766758465","226.896354541888","253.317427054056","271.196634640307","219.911071626387","223.273633042809","284.04584021081","237.331399129212","238.690286756773","231.233713839241","243.805494710812","280.315611534514","261.692239854157","301.016764672891","231.391651548844","259.744219611678","274.264187460352","355.145095261062","435.437549757463","360.02388983212","364.280048701654","411.347518458567","389.392968452254","412.821137811067","410.556354926356","355.049172473036","362.355865909405","406.044119526119","425.902872586524","425.907806560982","383.485923441169","421.013289270506","","","","",
"Maldives","MDV","Adjusted net national income per capita (current US$)","NY.ADJ.NNTY.PC.CD","","","","","","","","","","","","","","","","","","","","","","","","","","555.464439326762","554.95221743001","528.770721723223","688.308438527842","722.187449898539","786.74523813908","832.59679413873","945.139491345179","1021.21638668392","1132.08598516538","1325.64463548443","1462.6518125657","1600.54839297334","1663.52512859959","1782.88925568879","1871.10485411742","2605.94310602471","2630.36546961256","3028.16562387873","3486.74245206912","3275.30679021372","4372.89873870996","4324.05645486568","5242.38308861606","5318.0672581879","5524.19100543055","5837.32200392872","5954.07595971958","6464.80045034916","7146.71386630201","7752.07768557395","7962.51456940946","8391.02944785636","8898.26224468652","9068.84887754588","6001.33750462835","8388.42332569289","","","","",
"Middle East, North Africa, Afghanistan & Pakistan","MEA","Adjusted net national income per capita (current US$)","NY.ADJ.NNTY.PC.CD","","","","","","","","","","","","","","","","","","","","","","","","","","","","","","","","","","1363.54431253147","1371.02239226874","1536.33507773711","1654.00080675084","1701.20767086056","1655.47025176784","1714.96058088103","1835.87471768766","1823.33016009467","1795.77833342294","1924.71314957609","2197.71851636689","2518.23430485755","2904.168052025","3391.04729752878","4010.85759060036","3690.44892227416","4183.1305867016","4521.46797655084","4774.66139270217","4633.37884841273","4639.10420079506","4198.45682516051","4261.90022688815","4325.74535700563","4381.22896983527","4301.5954623308","3892.52186396943","","","","","",
"Mexico","MEX","Adjusted net national income per capita (current US$)","NY.ADJ.NNTY.PC.CD","","","","","","","","","","","604.867305551783","649.604768726184","725.063953705676","864.875615483495","1085.34297423871","1278.31176925609","1246.99030998592","1104.18401326958","1340.00147603349","1671.01498714738","2459.60914488781","3102.6810186771","1997.94374034546","1554.48085798736","1810.48204376105","1929.36995312729","1267.87214965467","1363.30070251622","1728.92016016548","2112.30096501511","2481.33112580527","3042.08137489361","3476.81318477591","4810.56601497136","4979.2457831752","3126.54206795584","3531.54510962176","4373.86020835695","4563.20680528816","5126.57548848059","5915.82171011882","6276.27060814213","6286.15252243782","5732.84895489499","6036.26169878541","6543.66474182415","7195.6337665333","7668.30164523624","7868.49407274107","6300.81439813111","7366.4535116167","7895.61204564625","7902.19300156704","8273.18629239973","8590.45619553549","7687.13214773111","6958.92736281275","7373.22454599094","7618.07875434393","7866.61444224569","6535.72718632288","7443.53351798716","","","","",
"Marshall Islands","MHL","Adjusted net national income per capita (current US$)","NY.ADJ.NNTY.PC.CD","","","","","","","","","","","","","","","","","","","","","","","","","","","","","","","","","","","","","","","","","","","","","","","","","","","","","","","","","","","","","","","","","","",
"Middle income","MIC","Adjusted net national income per capita (current US$)","NY.ADJ.NNTY.PC.CD","","","","","","","","","","","156.354340771218","164.963506968658","180.42797149244","222.577094011751","266.794278974753","287.367995705269","299.339656042794","326.822798349675","345.756723617197","388.026298443839","442.713508463348","505.854818493999","488.457527092885","460.489926540413","458.098280254345","464.859199106876","477.247437952166","471.65677609162","503.526389173655","527.426059679902","599.064942265064","614.607363377977","656.394274244619","710.289702410156","793.999595051282","891.218358356081","971.815026886843","1014.48493200518","987.273630521149","955.429252697347","1006.97390598182","993.419586163602","1000.73409654642","1101.60233590062","1263.01718741669","1457.43043598992","1699.03395914431","2065.19373156472","2373.88341855019","2398.22215812581","2834.38135218931","3232.14945262387","3426.3855729806","3582.91612807235","3728.15301828812","3600.84434001823","3609.84170139103","3899.35964449901","4034.01512860103","4084.06916975011","3885.46259302391","4458.76346954641","","","","",
"North Macedonia","MKD","Adjusted net national income per capita (current US$)","NY.ADJ.NNTY.PC.CD","","","","","","","","","","","","","","","","","","","","","","","","","","","","","","","","","","1004.11949178504","1371.01455516983","1839.87301158928","1810.71515721954","1553.34112858263","1505.11002758492","1533.37372444459","1494.47003449657","1472.29667108723","1589.92505418853","1913.70449970433","2216.61273587381","2438.98453438107","2741.82575774019","3023.50288522333","3923.60396580524","3773.97627797876","3749.38274347599","4253.98686032484","3928.31313419145","4434.57199520252","4702.59729451752","4157.52533377125","4408.87769870395","4764.05860086253","5322.63859360292","5290.93843273119","5325.97938641124","5996.1109517865","","","","",
"Mali","MLI","Adjusted net national income per capita (current US$)","NY.ADJ.NNTY.PC.CD","","","","","","","","","","","","","","","","","","","","","212.233432572148","180.148510847906","149.755250161815","144.847623328329","135.254552001148","153.541694365657","200.602043076782","223.394668189876","224.775516652198","224.685313182836","268.906226066455","269.331155633753","274.890421445147","270.170901605848","186.204581664589","238.89352178924","240.306320770597","223.918562376177","235.217208198816","277.952653493334","229.34243939637","251.269640593594","261.935607516293","323.597281405799","362.252714786144","404.219533356905","415.616335587245","469.514837098652","558.072771633639","550.127382162645","563.31450265074","655.444050841387","585.013878036503","624.984884447435","681.475652339635","603.990365416187","624.837107661752","667.48633478069","717.532831793604","694.982488212734","671.725853948731","647.836401838067","","","","",
"Malta","MLT","Adjusted net national income per capita (current US$)","NY.ADJ.NNTY.PC.CD","","","","","","","","","","","","","","","","","","","","","","","","","","","","","","","","","","","","","","","","","","","","","","","","","","","","","","","","","","","","","","","","","","",
"Myanmar","MMR","Adjusted net national income per capita (current US$)","NY.ADJ.NNTY.PC.CD","","","","","","","","","","","17.8332887495703","16.7301643693078","17.9244761665491","15.9843891287278","24.1022583205953","27.0219968717454","26.9741444452455","19.0417109443278","16.143648638052","6.81042317635366","5.83694701371286","13.5923675396161","20.0090792800779","22.2740212349899","21.2143902403078","20.011245488193","27.6172301554927","23.2996649075361","22.9167616404021","30.9418612167825","31.9496131236509","31.5358767347178","33.4693786187351","51.0686019560014","72.480305205828","89.3381790096248","108.251578770914","108.417691338989","88.6804269482577","114.373362580895","134.26295271468","108.476000555509","99.7669975129175","123.149748741287","150.623784798701","157.665723577383","183.879137588946","252.14641443627","380.002166070703","513.17791652161","669.999995561472","967.201576826545","1039.88598915343","1068.56192729469","1073.67581416925","1071.21059757729","1017.9423266749","1028.96931233028","1131.0949089685","1149.99700078204","1313.23150554343","1049.6220845224","","","","",
"Middle East, North Africa, Afghanistan & Pakistan (excluding high income)","MNA","Adjusted net national income per capita (current US$)","NY.ADJ.NNTY.PC.CD","","","","","","","","","","","","","","","","","","","","","","","","","","","","","","","","","","709.498317915796","727.584574456145","846.707675288566","931.256426311856","957.103350481056","977.61603698074","1011.48715624757","1055.93307080193","1068.27550379189","1045.84344171225","1116.03712379412","1282.86743035181","1432.77500945911","1640.81808014016","1976.59219861339","2334.32869815982","2320.74238811603","2577.72248830907","2607.91628757867","2744.84519134537","2520.06445406809","2484.80288226141","2330.90861317009","2419.07086824428","2355.93923491607","2184.25763712609","2132.86801867276","1979.78186669608","2206.19057873142","","","","",
"Montenegro","MNE","Adjusted net national income per capita (current US$)","NY.ADJ.NNTY.PC.CD","","","","","","","","","","","","","","","","","","","","","","","","","","","","","","","","","","","","","","","","","","","","","","","4076.38935751579","5340.97205673705","6625.94508277523","5857.52718906392","5836.80869064169","6550.51214500602","5879.40426956331","6410.1232065003","6503.18620360659","5857.05361261023","6136.763220385","6987.78364887756","7781.8227980705","7819.28334361077","6771.26848845368","8403.73025730501","","","","",
"Mongolia","MNG","Adjusted net national income per capita (current US$)","NY.ADJ.NNTY.PC.CD","","","","","","","","","","","","","","","","","","","","","","1012.63818573044","1089.32526869526","1129.85368745557","837.983617426979","837.815657949476","1128.5447931522","1132.98473271103","1139.21905092158","1139.11996928621","869.707939178491","960.577625027354","533.36232826324","315.144847285207","361.684268136363","559.571560275445","541.936925478801","452.292084866674","430.588926828767","402.404452661131","416.437241856331","451.715512330137","493.550192832292","562.02878640784","675.234839091525","809.363306946184","1003.61435383359","1245.58654029045","1639.62893644719","1309.19351915877","1848.61645493195","2568.1854928301","3304.77802289322","3466.55757210325","3154.45141003871","2831.9409203524","2648.59421821437","2393.35571484785","2878.38718097892","3115.04073741721","2939.55991664624","2762.494617529","","","","",
"Northern Mariana Islands","MNP","Adjusted net national income per capita (current US$)","NY.ADJ.NNTY.PC.CD","","","","","","","","","","","","","","","","","","","","","","","","","","","","","","","","","","","","","","","","","","","","","","","","","","","","","","","","","","","","","","","","","","",
"Mozambique","MOZ","Adjusted net national income per capita (current US$)","NY.ADJ.NNTY.PC.CD","","","","","","","","","","","","","","","","","","","","","","","","","","","","","","","","211.755837792479","137.127482323195","143.057869579597","134.189690647356","122.082765830026","172.836102236596","212.856065555336","236.352264144218","276.937093695898","248.090708794552","224.728146318526","211.411482517319","260.159534354649","323.312509752633","356.514684374122","362.559525156455","408.94133528002","478.810826026984","455.571709356336","403.378227648071","506.133252785325","560.425570589114","558.372389937206","558.593524280928","478.966123881182","346.166463059197","361.51227813233","401.441734921566","395.08234998108","345.250160326651","370.521112740137","","","","",
"Mauritania","MRT","Adjusted net national income per capita (current US$)","NY.ADJ.NNTY.PC.CD","","","","","","","","","","","","","","","","","","","","","640.654838243384","644.233240008678","624.24893866591","633.711916278304","575.4829935433","508.849799373859","584.072304374493","651.028305372121","672.296364028743","674.555609356348","681.511024562314","973.312275090106","945.491597273898","768.658731992616","780.521171195183","814.892226531146","855.170921835426","809.326953656844","773.167307216404","741.109465446898","644.915605349912","592.202202104776","616.088535359624","701.297391348643","772.346884205313","899.946680461981","1020.78223909115","1102.7492108824","1303.06879169832","1269.53443432762","1365.88618447906","1589.17756625911","1519.23123747188","1624.95606270721","1434.13781300389","1352.09374144416","1373.25680989428","1416.73761884183","1567.19808701075","1633.70246797287","1647.91990214179","1772.21727437045","","","","",
"Mauritius","MUS","Adjusted net national income per capita (current US$)","NY.ADJ.NNTY.PC.CD","","","","","","","","","","","","","","","","","751.031750328545","852.473252195423","1031.10841274003","1193.93119006787","1087.79318631403","1061.36056389118","988.964745001757","998.181535931794","943.904488241484","968.956797288979","1317.87892348852","1717.22912934717","1927.90528905157","1967.7121849566","2366.86987312551","2532.72516801672","2793.5900952463","2757.94570160031","2898.70643354426","3216.22757065905","3443.87543111653","3191.66137419331","3134.27764034376","3241.53000307462","3468.99939043901","3452.21285097051","3624.2794145805","4304.06986766987","4863.48028830241","4751.52633846777","5168.70654983895","6094.64944433375","7248.64087314259","6321.88741338657","6872.94022045395","7760.72658183552","7767.90349332929","8304.54482972666","8839.16157794162","8194.75743855444","8599.24196401843","9572.13645813168","10358.5268268398","10263.5380992465","8094.48229775421","8167.69674265462","","","","",
"Malawi","MWI","Adjusted net national income per capita (current US$)","NY.ADJ.NNTY.PC.CD","","","","","","","","","","","","","","","","","","","","","154.209272866519","151.237144666302","135.433418304585","141.514041377153","138.954839574538","126.033748866962","121.57296898484","111.007670667559","127.368627806171","139.351807393998","160.335528685558","186.542028640579","144.727962990724","168.711960670201","84.1799380747536","97.4866911910862","176.607304524564","210.091837133458","123.735443753717","127.564841310994","121.25011876388","114.775159083937","246.466168579793","212.340927191849","231.821720550946","235.719626043919","248.508442903298","267.838139420418","311.157886630261","337.405155405427","370.33290916919","420.536265218428","291.494001215453","263.661348113937","281.15420557733","295.595371567411","251.675137390951","421.465114104855","465.792470558161","512.398439006432","556.83416169999","563.044923837894","","","","",
"Malaysia","MYS","Adjusted net national income per capita (current US$)","NY.ADJ.NNTY.PC.CD","","","","","","","","","","","267.201489951393","275.045060053353","283.724481997164","380.042549101317","536.228207054322","477.410864696736","552.341179870101","632.242877273741","818.701542677433","866.503844398735","999.369990208823","1163.72977578768","1062.82641284023","1161.19031477811","1431.30838528745","1224.64952958951","985.245996600985","1037.35550777071","1202.09801539249","1231.25445366745","1439.21899563452","1675.98457365977","1970.54835045772","2255.8858440301","2498.62653730304","2938.65327814538","3270.7451737659","3168.21597708229","2105.30238202687","2241.82857794317","2594.38955895202","2585.73513591297","2833.89166335948","3002.04370827311","3408.62918885579","3829.40558158388","4322.18133344055","5168.77782550074","5932.68785894949","5252.04383954672","6407.02673646629","7517.54402962828","7701.61273414078","7818.13148748776","7891.90706746868","7018.84864877879","6925.1977352322","7086.46510011511","7668.78246104385","7839.04574676528","7321.92868411046","7704.95361176673","","","","",
"North America","NAC","Adjusted net national income per capita (current US$)","NY.ADJ.NNTY.PC.CD","","","","","","","","","","","4446.61938871399","4757.65086556309","5208.0343285015","5780.08470248564","6083.08191870766","6494.60068861151","7212.06529620441","7884.9070454052","8753.23139529056","9364.06033931671","9984.7344728547","11287.5571683554","11832.8033822598","12570.0072491576","13973.4436582092","14791.3213232463","15450.8423820438","16407.9423919933","17887.1900133742","18902.27128125","19638.2958086955","20017.5866182637","20753.9524242344","21327.1263177914","22403.0278763049","23367.6050982792","24504.9457559812","25892.2136267187","27149.6043932735","28437.1611423511","30015.4911470218","30626.3156668975","31235.0327632214","32490.9203206185","34602.5094832289","36650.529888318","39078.7065628228","40138.6138770033","39936.886029809","38545.9879696681","40885.483040243","42642.8818847871","44535.4483074295","45370.0591046388","46921.4723584123","47568.0008141277","47868.2679956215","49803.3696090749","51991.6747431279","53518.182154172","51926.3364524758","57249.8150109865","","","","",
"Namibia","NAM","Adjusted net national income per capita (current US$)","NY.ADJ.NNTY.PC.CD","","","","","","","","","","","","","","","","","","","","","","","","","","","","","","","1720.75548139218","1917.54742009605","2090.02338904288","1918.95755629431","2126.86091902374","2285.5674000623","2190.95549952777","2207.85124895275","2021.13821039346","1900.85681775017","1923.52077761141","1690.13008698232","1587.43713905761","2357.36615677216","3017.12419711803","3146.195145413","3439.06495411414","3597.38743785319","3550.82877185923","3619.70831988494","4451.08230238533","4832.39299992429","4985.79781747469","4688.96800624522","4683.99437631379","4166.630807519","3727.41885050132","4383.34344753761","4496.6283712875","4030.65458926136","3334.70148295023","3617.97406621175","","","","",
"New Caledonia","NCL","Adjusted net national income per capita (current US$)","NY.ADJ.NNTY.PC.CD","","","","","","","","","","","","","","","","","","","","","7056.60154754634","5870.35971843309","5434.5714492585","4920.26138318598","4669.02437910746","4872.80211714542","6770.86526547318","8250.24391487546","9863.07278449591","9848.84243709944","12730.9331577586","12210.9221314416","13695.8599766791","13122.4353518785","13612.0728578588","15001.6008368392","14863.6514577892","13098.8231463126","12995.0285109422","12004.3048336452","9342.19703039194","","","","","","","","","","","","","","","","","","","","","","","","","",
"Niger","NER","Adjusted net national income per capita (current US$)","NY.ADJ.NNTY.PC.CD","","","","","","","","","","","","140.059361822617","145.512991604664","177.129233349228","189.470788564199","185.539365406509","185.296514861359","218.249497160801","283.424260754078","319.387953643557","372.599106811064","304.983180686504","272.041901028126","237.520839005789","181.249093570189","183.802923253669","239.137466526345","264.934976450918","264.433484399136","252.42946918086","393.983969083961","362.131627673984","365.416654503135","315.773688865753","194.319992925493","224.948229554393","227.833218217568","208.973051977441","246.603757756308","229.720505961222","195.255405742795","209.364068335625","231.385309193056","272.130625354499","296.532378727911","336.754968341955","349.324869307932","403.250294265174","495.430648432826","479.910183438449","495.312361480005","533.882056882218","533.960420320153","551.562492511843","565.399597127562","494.536371939056","501.861819790839","519.566317118221","587.801037490527","565.801307632101","532.617093511864","592.226305032507","","","","",
"Nigeria","NGA","Adjusted net national income per capita (current US$)","NY.ADJ.NNTY.PC.CD","","","","","","","","","","","197.088299711653","136.262137171017","173.875386980071","207.44850154457","276.911134455809","336.128593714998","429.629449761978","405.148271307986","417.793810962061","401.38361798513","592.450962126341","1865.03981613792","1604.99435467468","1049.2416459256","757.962650660962","721.755522564592","533.413574939182","478.355140222308","461.826436974681","346.091049206514","405.452804796166","384.538712634362","354.05435216012","176.002797900144","232.917611422537","308.02578443177","350.352857282911","370.843248639662","378.866054829442","410.613284888167","397.565555206536","445.949913488274","582.797105316656","609.050790171062","753.474678222764","925.833147570393","1336.14348433488","1482.60368451609","1745.06410914623","1526.75238031897","1760.84070266462","1887.54797064261","2108.57001929312","2340.35655258183","2601.38927302816","2241.01208942365","1812.31535863866","1605.39993960525","1700.06182330317","1790.76350333497","1697.97691199082","1662.53237835855","","","","",
"Nicaragua","NIC","Adjusted net national income per capita (current US$)","NY.ADJ.NNTY.PC.CD","","","","","","","","","","","","281.739689411396","288.981190451717","342.550568276796","465.295189599436","476.238643005631","535.528092262795","641.384049735325","579.127416641485","400.811386903011","570.76963029564","610.456248284483","604.481911024033","656.537533701786","728.138676624018","607.864855341698","671.828100327469","907.837012513889","517.763068557531","177.425433506943","218.38104630135","244.759756286139","266.016877681393","267.14961333633","681.154073284786","739.985411052066","770.838715729951","785.6656510208","836.469696357063","860.15205602606","898.196562656091","914.921158590382","892.637844343399","900.283152695208","971.913145550502","1063.23740306857","1109.40427205016","1207.22546775977","1364.93152351323","1310.42026773488","1347.17294286671","1469.18677919311","1543.78777704222","1574.87961085891","1715.00707149603","1817.11702575771","1845.90493812389","1886.71927041362","1763.4887221368","1713.32415498163","1628.19370633269","1747.48329577979","","","","",
"Netherlands","NLD","Adjusted net national income per capita (current US$)","NY.ADJ.NNTY.PC.CD","","","","","","","","","","","2561.71687542103","2923.65850697878","3554.26419807254","4704.22371225592","5435.49126383613","6220.91155803545","6788.33600389651","7873.75920409023","9520.87000365407","10810.7455318926","11501.4400953932","9497.46423140092","9145.36123934774","8836.19787151215","8295.56467081652","8111.38618110445","11317.8814208219","13835.5205118771","14596.2391616488","14326.8899311412","17198.4602738782","17656.3032219396","19305.4018028696","18777.6930261544","20271.8478771503","24342.4338994346","24320.3972746271","22413.3700533614","23160.0335931544","23844.1245133024","21979.6297414795","21894.7603027321","23744.0783192058","29386.4056831828","33160.5048913471","34410.375700322","37261.5560173229","42859.0832777036","45441.8743143044","41457.6313790763","41485.0726901309","44453.5741881967","40527.2150841315","42399.3139489119","43058.0804561337","36999.5324402407","37170.1437638577","40003.3018192981","43940.0423962751","42706.659125801","41293.7573744594","46419.7071212119","","","","",
"Norway","NOR","Adjusted net national income per capita (current US$)","NY.ADJ.NNTY.PC.CD","","","","","","","","","","","2758.57945747823","3144.56697537132","3707.46991110126","4797.5963501524","5678.38689477793","6798.64449745895","7272.30463722013","8224.04511752251","8994.20971168259","9962.59225364243","12006.794748599","12048.2876754212","11904.3379913977","11483.1392508468","11506.3877367476","12237.2158857907","14973.0459901072","17521.8079165276","18515.2207269111","17954.1289810579","20580.5348917878","21541.9141394437","23144.7439433448","21015.147319652","22345.2811851357","26850.0741544996","28212.5734846284","28300.1917579948","27906.6756104694","28327.1198794759","27940.5096356811","29556.1852747223","33279.7886065565","39178.4032384882","44745.8368939184","52495.2527311086","57640.6815408474","66289.581049112","72925.9561600789","62013.7876489507","69298.7699030136","77792.2462862535","79207.1416976655","81275.5747020368","78188.0489406389","61241.2873348176","58475.3238826672","61772.5777083249","66488.2633815305","60649.0231328457","53949.8024971775","69953.0192338809","","","","",
"Nepal","NPL","Adjusted net national income per capita (current US$)","NY.ADJ.NNTY.PC.CD","","","","","","","","","","","","67.7816558077715","76.879336984562","71.2789340243834","87.2610393323769","110.242904055615","99.4778381203872","91.8312283175167","103.846904505081","116.520326163029","119.337788766019","136.733313187789","140.979660927404","140.2265401211","146.740509069372","143.404033873966","152.819079489944","155.459778605818","182.791146537005","181.951562831009","182.735839954983","192.573891701339","162.214914500994","169.413061754849","183.804048874403","193.12870452957","195.661282719259","207.969510093968","200.580856945371","202.733049835731","217.18376108118","232.640316739568","229.964038622316","238.823837125133","268.220399822332","297.069206034768","328.045958626438","371.448997861793","448.138918720226","457.405429808084","561.051062266026","748.431454442532","754.335419328155","768.4497384528","793.301808870675","832.027696139131","824.812183647403","980.278256165189","1110.54410329846","1131.12630469167","1084.7425794162","1148.15861171585","","","","",
"Nauru","NRU","Adjusted net national income per capita (current US$)","NY.ADJ.NNTY.PC.CD","","","","","","","","","","","","","","","","","","","","","","","","","","","","","","","","","","","","","","","","","","","","","","","","","","","","","","","","","","","","","","","","","","",
"New Zealand","NZL","Adjusted net national income per capita (current US$)","NY.ADJ.NNTY.PC.CD","","","","","","","","","","","","2430.21670467666","2877.52027668271","3781.19757054939","3967.97202280616","3431.02200365661","3552.60330020736","3969.70546743122","4756.65972674455","5372.93273556433","6063.77365795795","6356.52018307552","6182.75977054957","6105.8633026106","5295.79336308128","5903.86566300407","7462.55964098518","9818.13104839561","11164.038571084","10759.4498974918","10966.6204345572","9441.38492183068","9109.10333018892","10110.2177338094","11943.264448967","13729.9050518201","14579.0489002565","13802.093918712","11834.4188119406","12131.4062027978","10713.4770884593","11055.3456561107","13539.7735759125","17792.4675275219","20395.3059234066","21955.7866345998","20882.7727176384","25405.1507435272","23867.8512093171","22466.3564739316","26700.6366227867","30794.5308919345","32281.4096926345","35087.2242448396","36328.5976323359","31702.7303721894","33030.9836762186","35289.2609393288","35119.8838560372","35484.2010543941","34658.0133080358","40731.0129417964","","","","",
"OECD members","OED","Adjusted net national income per capita (current US$)","NY.ADJ.NNTY.PC.CD","","","","","","","","","","","2277.41344096714","2482.09537164674","2847.5361089245","3402.14533997007","3706.04805625628","4092.07712875911","4398.07908498265","4907.08208889743","5850.68149973233","6596.6400369505","7198.6985680383","7268.55692047568","7118.81080615213","7247.63806074642","7576.31191322503","7909.9300569107","9522.30337942121","10951.6183238155","12323.7772421783","12710.3624053078","14115.613336564","14779.8952756808","15730.5592629391","15737.4222770698","16780.4918149053","18308.6721548203","18401.2453144361","18077.3967839336","18225.1722910092","18934.159682877","19203.9645704079","18903.5744301277","19527.855513426","21624.3324917542","23962.1999928297","25131.2912052562","26419.4849351517","28488.3427293604","29529.3792173387","27398.0757824117","28857.3765358832","30902.4904249963","30844.0468474103","31084.723239894","31657.7430830332","29745.4831523445","30023.6073001576","31216.9781127969","32750.6211172679","32823.4816187","31571.0121179302","34754.4784421588","","","","",
"Oman","OMN","Adjusted net national income per capita (current US$)","NY.ADJ.NNTY.PC.CD","","","","","","","","","","","168.161226996642","198.235840419062","215.547375743948","118.870913723818","690.035971937117","1009.7207043359","1389.72853249357","1620.05031328751","1690.10347430463","1424.93854829698","3152.25252598736","4107.58210137615","4582.69955538906","4271.84129756081","4621.40937286013","4728.01493857665","3488.10225260621","3105.76001765832","3135.39176015071","3048.60886592846","3393.02971619974","3871.3369724306","4007.30303766914","3851.19907428227","3964.89128429393","4101.89017597488","4199.06045049281","4478.41661561589","4176.89489437533","4201.16892508076","4500.18310215855","4844.09139676329","5340.93238630219","5680.50878464639","6125.77331400009","6916.92042414751","8478.24843311912","9508.45427508192","13502.3699636102","9891.0564034664","12938.5990293177","12427.4611074789","12817.4983861285","12560.6878177716","12625.2135368869","12261.016591168","11543.1325248311","11694.2630506826","13312.8639990521","12866.7516951808","12038.7086398061","12557.8131886698","","","","",
"Other small states","OSS","Adjusted net national income per capita (current US$)","NY.ADJ.NNTY.PC.CD","","","","","","","","","","","","","","","","","","","","","","","","","","","","","","","","","","","","","","","","","3399.2296151191","3506.95654435339","3762.32052891575","4644.96917086801","5449.3240427185","5945.94799419366","6600.11551449488","7788.81819026325","8912.94316894395","7824.09942964942","8010.92715949754","9169.23694915373","8830.85708137532","9257.54234014209","9407.68036021899","8448.14354682375","8783.69553604502","9700.85791820512","10354.0576758843","10362.9426536911","9260.2301363076","10285.3710485713","","","","",
"Pakistan","PAK","Adjusted net national income per capita (current US$)","NY.ADJ.NNTY.PC.CD","","","","","","","","","","","143.97377601053","155.957661265142","132.83338841567","87.0238061303507","114.388418744339","140.869584380179","160.579212992554","175.435246631252","203.84306053335","206.372880831826","260.733322075848","298.466442723691","313.768018436571","281.488069964989","295.923509545894","284.459617751312","280.657711495467","282.941084557042","316.544073531314","318.759757258027","303.824278219511","336.615301297328","347.18771761392","358.380770641713","350.66283894212","395.458431868297","399.316980894141","380.535437314659","367.484646519873","365.810348217835","461.235323418618","434.119567646228","424.266501061138","480.811699914041","554.108971894246","601.348539179556","672.93845184746","730.381902261742","798.431700794367","778.500035557841","808.530052654789","963.19579623472","992.596316572476","1009.86324830257","1055.61842407064","1159.44604624541","1328.74154795712","1417.92042143291","1461.09407960902","1293.15844379316","1189.74204118538","1363.23295218181","","","","",
"Panama","PAN","Adjusted net national income per capita (current US$)","NY.ADJ.NNTY.PC.CD","","","","","","","","","","","","810.249976303477","864.506603471163","963.04463248469","1067.5995383955","1186.66366507831","1202.29364802332","1424.40710206905","1656.48669020764","1823.1569933798","1944.20192381385","2135.17441179634","2408.56420184423","2543.58689029386","2490.1760465917","2665.93098602837","2578.51509571602","2830.45583646127","2272.60029306644","2155.74578888317","2312.91684714792","2418.33399950425","2780.9958471464","2995.33906254457","3158.88404907742","3065.50786990987","3203.65794657461","3328.07391078777","3522.7826830344","3546.35947339386","3573.90005599762","3549.89251585102","3732.49495820274","3708.95923423549","3963.45179637575","4251.31497337727","4596.45615617308","5398.48876464385","6330.10185655299","6786.05639728721","7005.91671163324","8341.95848013868","9459.13418786686","10512.5821821334","11008.5108731898","11973.1556452766","12431.7781078021","13233.7506270863","13209.4486845174","13335.6378875892","10890.4694183573","11846.9473169223","","","","",
"Peru","PER","Adjusted net national income per capita (current US$)","NY.ADJ.NNTY.PC.CD","","","","","","","","","","","479.571594980435","526.493113455483","567.954017757478","644.608438103723","783.543117389356","957.433289191087","865.31011805056","778.994950137215","623.24763069076","723.476652091795","795.415443516325","1001.7383354873","999.106310473717","735.11568234633","721.435057279273","670.253895349081","624.528987276117","837.51412336601","540.510969870198","801.220609613781","965.303427034508","1338.00448284486","1384.36299872081","1316.09735161717","1649.59432098875","1902.36511117881","1964.25817427179","2041.70209140371","1932.15157074353","1693.46469028994","1699.61908742415","1715.56046011903","1786.57575332082","1874.66632621072","2032.54639258027","2258.48892064226","2455.77696441398","2841.78863982751","3432.64940838226","3487.55411048074","4166.57193267013","4760.84808446355","5409.39881906096","5710.54554927857","5707.09467391789","5394.27958969443","5262.98407728089","5605.9418515247","5758.86506851757","6033.40253604326","5281.02484482639","5142.14438609315","","","","",
"Philippines","PHL","Adjusted net national income per capita (current US$)","NY.ADJ.NNTY.PC.CD","","","","","","","","","","","","190.243209971076","200.805072973933","250.461890503982","344.446092060004","364.960131257174","407.231176494891","459.29771509542","519.009252113956","601.818215463572","695.521224805354","747.063834209512","748.237211641138","645.171433848318","572.650268582053","543.01232532477","514.868377903049","564.660633110595","635.961463118541","700.7030786745","726.568060929505","736.290254182081","850.29387520628","849.922158490202","991.240393629987","1122.78205197901","1240.91372040913","1225.44452246539","1031.38843003328","1154.05695393406","1062.23795311658","977.815040933425","1021.43685687693","1030.45418023266","1073.03930156692","1193.16670648646","1381.08740907258","1632.71253499643","1905.92569413372","1864.36793493746","2139.73506803663","2348.50524519898","2621.08166727407","2814.87319803157","2886.66682273683","2957.76119931877","3034.55976635583","3086.41389355763","3200.75758797595","3391.15123856357","3130.21304409611","3196.29090547243","","","","",
"Palau","PLW","Adjusted net national income per capita (current US$)","NY.ADJ.NNTY.PC.CD","","","","","","","","","","","","","","","","","","","","","","","","","","","","","","","","","","","","","","","","","","","","","","","","","","","","","","","","","","","","","","","","","","",
"Papua New Guinea","PNG","Adjusted net national income per capita (current US$)","NY.ADJ.NNTY.PC.CD","","","","","","","","","","","","","","","","","","","","","585.715287547632","579.623959430551","528.803671021318","556.306168614274","587.934317369043","512.161019337775","553.291529003979","607.794967260812","697.452797922269","667.313708917211","592.031113205918","695.410779727572","689.645925925595","733.663220783786","813.235672090372","632.287795372333","698.521894600956","742.4270899834","544.890481140984","464.030766956176","431.644613913912","387.293732869429","356.568676109489","373.500650590676","391.312000895873","476.223424026824","800.762613946603","949.037117992784","1109.97634838714","1125.83357820573","1256.62520508209","1541.19946693944","2078.23334277669","2015.54004812236","2240.06933304336","2006.07563376555","1896.05993244973","1985.82917915426","2049.69442938192","2009.50093431854","1990.52566306704","1831.82762498794","","","","",
"Poland","POL","Adjusted net national income per capita (current US$)","NY.ADJ.NNTY.PC.CD","","","","","","","","","","","","","","","","","","","","","","","","","","","","","","","977.074333697535","1311.33423696679","1526.95616025011","1756.5388359568","2282.40147924423","3089.8754295461","3508.28966911385","3499.55584861489","3847.93426501695","3746.89542683607","3847.90105765596","4251.62677338975","4438.61376472094","4815.26355398291","5524.96424876965","6747.05333644908","7543.10852292025","9386.70787095303","11941.3174463888","9791.8521223465","10519.1517720358","11566.2371599885","11004.7251884868","11445.9393999337","11957.2090403552","10613.0806248151","10405.6612617759","11609.6181305667","13050.2422297837","13241.2566021095","13469.780485099","15410.7923025682","","","","",
"Pre-demographic dividend","PRE","Adjusted net national income per capita (current US$)","NY.ADJ.NNTY.PC.CD","","","","","","","","","","","","","","","","","","","","","220.453397011351","384.039431557152","349.676341534661","264.107676523448","228.430133632872","221.369443812002","208.336152531923","213.44410881791","218.63787514661","197.534955339345","323.244946812898","318.348715463246","284.425447742825","231.884526546755","202.79103052071","259.697103714366","282.800362931258","306.328720452998","318.049940579445","347.791008625868","368.573639426443","341.937117725871","389.064792972228","404.842038533736","484.131308039226","564.054362201152","726.948164521478","837.097702522648","1012.79799664973","953.187871858255","1041.56102516088","1157.87642743478","1264.21048124838","1371.50671617441","1467.3019625567","1261.05578796281","1138.1051147936","1154.54329698391","1141.91506394132","1167.80723270964","1084.36793541944","1107.91838769604","","","","",
"Puerto Rico (US)","PRI","Adjusted net national income per capita (current US$)","NY.ADJ.NNTY.PC.CD","","","","","","","","","","","","","","","","","","","","","","","","","","","","","","","","","","","","","","","","","","","","","","","","","","","","","","","","","","","","","","","","","","",
"Korea, Dem. People's Rep.","PRK","Adjusted net national income per capita (current US$)","NY.ADJ.NNTY.PC.CD","","","","","","","","","","","","","","","","","","","","","","","","","","","","","","","","","","","","","","","","","","","","","","","","","","","","","","","","","","","","","","","","","","",
"Portugal","PRT","Adjusted net national income per capita (current US$)","NY.ADJ.NNTY.PC.CD","","","","","","","","","","","772.143610233831","877.460294364278","1072.62856225108","1471.45120842364","1708.25965358926","1780.00747238071","1837.29536125684","1911.44705118168","2018.20614850099","2272.58355850333","2775.59380929675","2647.39894781548","2443.93476775007","2181.52189067389","1986.54412058298","2149.06937919776","3148.04171561704","3969.64772660076","4691.17793334137","5100.44792879476","6718.21486465379","7693.71064852734","9395.09288183424","8262.71466093785","8591.61386965259","10041.034881357","10379.7608068507","9810.45357884665","10359.037516455","10587.8870641965","9581.17096553655","9719.10115384799","10710.6175005189","13119.0068207241","14937.8430135769","15491.6244657049","16057.5442472322","18495.4244168945","19952.0910300002","18430.2580256818","17942.0893964935","18736.5080526805","16374.4014412899","17588.4909252875","17781.0675219386","15410.8780126811","16058.3195670212","17263.4570301576","18831.4453058211","18587.7770796772","17471.0655646446","19318.4675574803","","","","",
"Paraguay","PRY","Adjusted net national income per capita (current US$)","NY.ADJ.NNTY.PC.CD","","","","","","","","","","","","","","","","","","","","","","","","","","","","","","","","","","","","1578.13901333857","1766.08450891639","1678.35538253591","1525.24004579792","1406.53976712667","1300.22100378123","1259.36691364309","1121.32815108171","1089.35361247956","1383.259242334","1525.83831905719","1952.54580560553","2708.90194271378","3723.95356942442","3312.79009929871","3993.94226819038","4950.51271886429","4767.95115990238","5541.7893174186","5817.49563275226","5169.88318992633","5108.91034408961","5494.81996159761","5583.79991371717","5194.12724845845","4747.87228354581","5263.78826816433","","","","",
"West Bank and Gaza","PSE","Adjusted net national income per capita (current US$)","NY.ADJ.NNTY.PC.CD","","","","","","","","","","","","","","","","","","","","","","","","","","","","","","","","","","","","","","","","","","","","","","","","","","","","","","","","","","","","","","","","","","",
"Pacific island small states","PSS","Adjusted net national income per capita (current US$)","NY.ADJ.NNTY.PC.CD","","","","","","","","","","","","","","","","","","","","","1281.2198431571","1295.16568736962","1198.41110790122","1128.80336608398","1154.25446100826","1081.65451667762","1156.70678967025","1074.50354161417","1070.2296989834","1095.83144540139","1205.23494250083","1258.17157052713","1362.60355195802","1425.65356857926","1613.61987823239","1749.39825880571","1865.77397559085","1810.95966749526","1508.94791789747","1646.96016559749","1521.62404472544","1457.32227964171","1532.53692518818","1811.74439262588","2090.41310162524","2304.8398335517","2317.95985648553","2572.32656433911","2745.36494033462","2454.85804228371","2640.77410461076","2957.28347346768","3090.07976662699","3299.87570325386","3457.86641527727","3327.80968359531","3425.7188023628","3606.27985160574","3770.29546451118","3735.50138007648","3330.46405732775","3278.15292018473","","","","",
"Post-demographic dividend","PST","Adjusted net national income per capita (current US$)","NY.ADJ.NNTY.PC.CD","","","","","","","","","","","2435.90426260341","2662.01837948826","3060.89648878279","3662.48761812196","3985.14514986047","4409.71191935013","4753.62803491681","5327.590516019","6371.29207160197","7166.33376654855","7807.69781191414","7848.59419995028","7800.38889134532","8011.84358857708","8393.9369094295","8781.46284984531","10686.7541269683","12333.3443248198","13894.5308241728","14322.0515918697","15888.0091628909","16620.3104311142","17692.0487673045","17587.8668189229","18851.5063211469","20786.8309228897","20850.2574012229","20420.3388984668","20524.2932681455","21387.6420005101","21641.8799689384","21349.9072900539","22110.8763450542","24626.326755816","27310.0834198724","28567.1165529413","30026.8655830467","32298.8842772615","33415.2502394024","31243.3820447154","32810.2952218441","35195.2956229791","35166.7679377594","35356.2605557089","36037.2508702268","34005.2437755139","34481.4922561252","35910.2415883768","37831.8722709645","38020.4690967956","36764.4573479134","40487.8140070365","","","","",
"French Polynesia","PYF","Adjusted net national income per capita (current US$)","NY.ADJ.NNTY.PC.CD","","","","","","","","","","","","","","","","","","","","","7697.71128414722","6964.73718591328","6755.64842486276","6804.95252717991","6837.42040549751","7195.05857345973","10756.490537305","12737.0803345896","12646.2463614431","12388.8288936077","14750.4039710506","14865.8682768459","20164.8732280437","19044.6709454202","19443.6395011477","21821.1625733882","21445.184699182","18718.2951140457","18829.7468182526","18388.479374078","16448.8694218831","","","","","","","","","","","","","","","","","","","","","","","","","",
"Qatar","QAT","Adjusted net national income per capita (current US$)","NY.ADJ.NNTY.PC.CD","","","","","","","","","","","1561.82790704898","1421.50010309566","1392.9115455775","1544.8903926145","4115.74972713762","5089.97161300049","5947.17089383857","6886.60583363801","7516.74577626952","4807.09432096749","14173.4721690728","19104.3376249326","18403.4593818459","14854.2464970058","12597.1657117893","13359.1110868249","11769.8472277398","11459.7986581157","11619.1218135314","10679.7221669366","9337.81592142916","10801.7106333761","11572.5325674362","10562.6870769808","10508.0929996861","11352.7737176292","10831.4470824699","14852.9263235771","12087.6309113922","13614.9931781864","17659.536148385","18013.9670819725","20769.7530830145","24867.5442431442","29684.0891233351","35617.6074744357","42825.1091104195","45383.6030206788","53179.3846391975","39662.0696469626","47493.8919424359","63532.8740716148","69033.6767426833","68766.7229081102","66216.9341213578","51242.5588404266","46708.399380677","48124.7367696797","51683.1809446471","48711.3199897429","38207.1764491326","51676.6570074114","","","","",
"Romania","ROU","Adjusted net national income per capita (current US$)","NY.ADJ.NNTY.PC.CD","","","","","","","","","","","","","","","","","","","","","","","","","","","","","","1302.05642380814","1204.05826608729","929.771624420135","813.86298828322","845.102988855885","968.629052863649","1196.82932873804","1162.1881649683","1158.98713963478","1422.19154330045","1226.43449328258","1282.58843809436","1408.83099116662","1585.29815466604","2008.78009165931","2628.13790473036","3585.42861884956","4513.14597691315","6573.7789876148","8526.60926118627","6961.11502344452","6749.99682896449","7534.11619342209","7016.99632321885","7498.97451279145","8035.84558101548","7210.65443228613","7538.86594615417","8658.80708365904","10026.952125069","10527.7675145004","10801.9835404596","12194.3636281641","","","","",
"Russian Federation","RUS","Adjusted net national income per capita (current US$)","NY.ADJ.NNTY.PC.CD","","","","","","","","","","","","","","","","","","","","","","","","","","","","","","","","","1554.29016113281","1452.48120117188","1333.88952636719","1275.90319824219","1558.49743652344","1711.19567871094","1174.38439941406","953.123657226563","1279.40368652344","1567.56982421875","1784.85009765625","2217.1611328125","3147.06860351563","4072.2734375","5363.662109375","7270.67919921875","9083.5810546875","6691.59033203125","8539.91796875","11354.2119140625","12219.1728515625","12561.48046875","11003.34375","7375.267578125","6884.12744140625","8400.7626953125","8667.76171875","8831.005859375","8080.5556640625","8992.818359375","","","","",
"Rwanda","RWA","Adjusted net national income per capita (current US$)","NY.ADJ.NNTY.PC.CD","","","","","","","","","","","","","","","","","","","","","204.165975497948","233.446980171762","219.043425694401","229.081533522902","236.805739545144","246.907123644649","264.371549762537","284.495107629044","304.913185786624","293.432083728314","302.265486915924","216.707679331174","226.267187472752","212.317686138729","78.8149924507074","176.621663735111","158.858187064526","188.464684936838","194.990235367006","221.733899957102","214.272598947912","200.304261319767","196.377183229893","200.960953350208","222.832677644139","272.809171880386","302.97730854156","358.649404184835","429.020446129538","461.068035445623","486.595780829309","532.231267121019","573.912210039267","568.366663821921","581.562426160807","597.14131007307","587.845260671481","601.740448952511","620.090153925984","655.583357565946","633.393155428554","673.703834888588","","","","",
"South Asia","SAS","Adjusted net national income per capita (current US$)","NY.ADJ.NNTY.PC.CD","","","","","","","","","","","103.105273321372","108.746861463777","113.122905373316","131.59689416997","153.189582821354","155.725583438029","145.401574782411","163.235505988096","181.649063766896","199.48483321848","237.719242441825","241.224090700929","239.780836014912","253.02284589678","242.423809883556","258.630085977501","270.112776639632","293.973937940251","306.49402746327","299.409092304471","316.885152550772","266.535261270236","277.360159718561","268.188372949202","304.589578899649","329.225923013857","356.867021373938","370.115478012046","370.38728015518","391.081068303853","389.727560622895","396.116307809557","411.454763893801","474.046951643258","536.544218753724","604.812569550892","676.640573774134","850.676820186646","832.140332132865","931.444283540081","1132.55057279078","1217.81816128","1211.67606493486","1229.59469228644","1340.30819868049","1388.56947813667","1513.562916865","1731.17180198009","1756.73658004858","1843.02987240204","1723.39177270632","1986.80405080464","","","","",
"Saudi Arabia","SAU","Adjusted net national income per capita (current US$)","NY.ADJ.NNTY.PC.CD","","","","","","","","","","","1086.67843274937","1325.98265463533","1537.25389844601","2024.64828964196","6250.80611242479","7554.83340793315","10154.4766392331","10844.9722494506","11349.7821060554","10302.6851046982","16303.5533877221","19210.0946833907","18238.1061219778","15286.8608851878","13110.2825653724","11514.616460764","9260.43986603269","8509.74922708963","8526.79379253838","8515.62931006816","8964.32509705897","9685.82418873267","9762.62677401128","9051.19626713563","8631.83058810435","8801.46417905788","8982.0100895495","9227.92203438838","8046.64928557038","8637.36976581215","9199.63180798168","8723.79027199654","8732.33435016898","9083.91837376489","10050.365936052","12181.7531960986","13468.3051958466","14524.0651102825","16970.3321230237","14592.9220916229","17960.5345376916","20885.2421035807","21903.2837717604","21103.6052919541","21162.1818296448","17766.447471294","17319.8183175574","18360.6450537585","22216.0058845841","22182.1979990759","18838.3821047442","","","","","",
"Sudan","SDN","Adjusted net national income per capita (current US$)","NY.ADJ.NNTY.PC.CD","","","","","","","","","","","","","","","","","","","","","","","","","","","","","","","","","","","","","","","","","","","","","","","","","","","","1451.39624023438","1470.5302734375","1469.77746582031","1780.38354492188","1900.49035644531","2245.953125","2685.49877929688","627.339660644531","599.962585449219","485.285614013672","598.412292480469","","","","",
"Senegal","SEN","Adjusted net national income per capita (current US$)","NY.ADJ.NNTY.PC.CD","","","","","","","","","","","","269.534536767923","316.749755358177","347.945782794328","376.444382691335","492.544535799432","496.374766644138","493.529065498382","539.665810390615","662.698713328755","708.253095231201","624.536062050963","606.044343028471","529.349344156056","502.977852444431","541.100091498369","747.098545563184","872.700139563284","834.547715157857","802.90824793936","905.669160982996","855.947696474312","890.864339068103","800.278749056678","523.256983055014","629.878713806144","644.694852866965","571.294951025309","601.431203334243","592.588081621822","527.524678290571","563.594406846267","589.33643149313","724.096686392591","815.050222040304","869.982006244863","902.656989635832","1058.53562820913","1252.85642099516","1159.15022109894","1134.8292243741","1202.74775175367","1151.0912058324","1199.72886631794","1218.5788020453","1062.34056706945","1100.87539820816","1189.31361267027","1269.08355922086","1241.17861786887","1267.6617498477","1376.93847236559","","","","",
"Singapore","SGP","Adjusted net national income per capita (current US$)","NY.ADJ.NNTY.PC.CD","","","","","","","","","","","","996.463715635089","1167.49953379786","1515.51014036868","2061.2244389216","2260.63210587384","2428.73194075645","2468.1277272843","2788.21155995062","3402.35740708475","4009.06143766865","4482.74495305209","4876.33547885792","5486.684196816","6157.12606592179","5975.04404955685","5659.44395292765","6065.89226004557","7395.31608230854","8777.94490129008","10038.8698044078","12202.4545429017","13795.0297481033","15241.7734238495","18683.6531468389","21917.9865166917","22712.2266129945","23608.0521208031","18971.8487585992","18719.4340583199","20280.9491535277","18081.4719872586","18040.140873817","19054.0592734292","21398.1336325433","23539.8837056538","27931.8420257409","32959.45037083","32449.6034197398","30670.1095636932","40278.6649931937","44678.0997784174","45310.3994618189","45715.8555378486","47257.5679847837","43257.8620227319","44514.6459530865","47208.5107978012","48006.3350965099","46216.4181019565","40860.480663045","50689.9927011895","","","","",
"Solomon Islands","SLB","Adjusted net national income per capita (current US$)","NY.ADJ.NNTY.PC.CD","","","","","","","","","","","","","","","","","","","","","666.921955543713","731.291818997692","684.312155191708","620.295198243627","593.218433411135","527.261739104013","452.074111011935","457.155749000518","503.850398127245","479.517711924979","594.324717488723","598.216245138378","687.555652043949","765.622521453978","996.268571507016","1106.658803496","1168.14300085888","1168.62469486379","978.35775716843","990.79992141275","866.530479716203","834.663678917709","680.082321333143","819.852818787306","911.988307243206","1042.03531949596","1130.13047029652","1212.99544931404","1293.66441466063","1315.83744047579","1454.38416151853","1574.03544746619","1733.38945924401","1965.18235924112","1950.61649809685","1842.37522951553","1851.31791724857","1915.93460275353","2055.01188605365","2014.75379678334","1931.16907936912","1974.0586677433","","","","",
"Sierra Leone","SLE","Adjusted net national income per capita (current US$)","NY.ADJ.NNTY.PC.CD","","","","","","","","","","","","","","","","","","","","","269.804325271408","270.903034628593","305.698234673109","230.192738735994","255.21871318117","197.858378668909","90.5189464306468","143.080370012281","214.483505065211","182.147853301749","105.654610970432","136.576137654261","113.079796709352","145.945837561855","158.080122476882","151.174347046205","171.292973913155","152.533675931473","105.941624597032","119.941698481987","110.861463407682","194.416470432681","210.94290825444","213.178033756716","219.205133213607","247.218673864288","282.079024088001","333.096720120328","390.682052059831","374.636655042606","359.615128566031","388.425604620778","522.648321681846","645.787577247138","624.78568817935","507.464447389797","372.239915178654","412.529650390419","437.373287640795","458.897861445457","437.714701911322","426.186918935946","","","","",
"El Salvador","SLV","Adjusted net national income per capita (current US$)","NY.ADJ.NNTY.PC.CD","","","","","","","","","","","","295.525573096729","307.650506727929","342.561974932723","382.753961247625","422.397714483572","523.325976848636","645.193809425696","663.783485210222","724.58065652768","726.762790225296","690.404406689049","662.091963599239","680.99597964068","701.203555862083","719.328111382114","700.693355636986","721.633062524605","749.675110294095","767.781899227904","819.014873341675","876.729358004556","966.096017337853","1104.67214473775","1262.69943820703","1456.41762171864","1549.75012215106","1631.77223770373","1735.18249992986","1753.77376657204","1824.9580712908","1881.76761388604","1923.383215925","1988.09870680259","2043.17841284663","2190.68907304153","2382.61781916208","2518.39436404851","2642.60240748144","2540.33361352611","2666.64703364976","2954.68864353241","3033.32781877227","3051.75709922129","3111.70449772027","3205.960986523","3266.58347352019","3329.51805435167","3426.77604520589","3567.95755864773","3208.33788059218","3710.6608174124","","","","",
"San Marino","SMR","Adjusted net national income per capita (current US$)","NY.ADJ.NNTY.PC.CD","","","","","","","","","","","","","","","","","","","","","","","","","","","","","","","","","","","","","","","","","","","","","","","","","","","","","","","","","","","","","","","","","","",
"Somalia, Fed. Rep.","SOM","Adjusted net national income per capita (current US$)","NY.ADJ.NNTY.PC.CD","","","","","","","","","","","","","","","","","","","","","81.4726443510509","96.8455565267415","100.505142756896","98.5056241579366","98.0485359976699","108.133816768567","104.439986624272","112.512539425064","113.940610020218","120.449208403687","93.8333340987606","","","","","","","","","","","","","","","","","","","","","","","265.730935820555","279.904785018239","284.330978006223","281.110764528262","277.179334763095","305.648959485546","330.366143037258","332.672852348624","356.394631286497","","","","",
"Serbia","SRB","Adjusted net national income per capita (current US$)","NY.ADJ.NNTY.PC.CD","","","","","","","","","","","","","","","","","","","","","","","","","","","","","","","","","","","","","","","","","","","","","","","3630.39930303821","4786.63581651988","5846.68126472075","5151.22699191365","4773.50588928819","5470.95100973029","4877.80402321905","5533.8039914398","5425.80988016497","4584.55726174752","4679.41351497109","5026.22182618409","5868.80707155848","5940.80437873148","6351.26973560665","7431.64056276737","","","","",
"Sub-Saharan Africa (excluding high income)","SSA","Adjusted net national income per capita (current US$)","NY.ADJ.NNTY.PC.CD","","","","","","","","","","","","190.299268093306","207.34827237721","258.359772858628","314.380926819225","337.637615925781","353.659855885241","362.903031125123","398.403833914738","434.109789349226","565.11704063048","872.157496847056","774.264153204577","641.69995225809","539.497429203665","469.101243046335","467.452665099277","510.440886906502","524.382114506423","492.997219158836","543.716661424522","555.806558953311","544.328664642271","494.910627123493","472.972776775101","540.843355499919","547.04443888133","556.846084941747","532.661948389837","529.433956903717","521.812813848128","487.961366483227","523.270752966259","648.376184784399","781.215926012927","884.696309860545","1032.35243005301","1127.04617662688","1194.01902700993","1189.58085680094","1342.29063902717","1452.62843139896","1493.56779977798","1567.032280769","1641.27739721114","1455.26884088312","1317.61592519758","1369.82011669279","1372.92580963927","1358.05378862649","1257.76604333474","1342.16931649431","","","","",
"South Sudan","SSD","Adjusted net national income per capita (current US$)","NY.ADJ.NNTY.PC.CD","","","","","","","","","","","","","","","","","","","","","","","","","","","","","","","","","","","","","","","","","","","","","","","","","","","","298.217115694291","968.890462864365","1356.36612274554","794.589627603685","779.220182763077","","","","","","","","","","",
"Sub-Saharan Africa","SSF","Adjusted net national income per capita (current US$)","NY.ADJ.NNTY.PC.CD","","","","","","","","","","","","175.430978111208","191.149763660251","238.200353886035","289.921507889075","311.49100734397","326.373084225791","335.199209994919","368.446258695736","402.082856984976","524.6496034958","810.082420304379","719.923572725353","602.882491167109","508.538313926249","448.140375736316","445.892488941547","485.747983421763","497.786217123213","469.182145650824","515.138830999483","526.980129070384","509.504402557586","461.544138390004","437.036868175463","497.50452980758","503.94720006756","512.462796764748","488.735006220628","486.64036236008","479.950167625179","449.120530213119","479.216773223516","590.384939927032","711.981912048691","807.340324679001","942.86092694261","1030.67748375071","1097.43355346275","1097.88515895052","1232.19249480166","1331.52771425881","1376.78296775465","1445.67803796596","1518.64422779669","1357.2684542924","1240.61346685219","1292.46908777056","1298.51911433068","1293.40965329028","1210.18634744096","1286.74192196078","","","","",
"Small states","SST","Adjusted net national income per capita (current US$)","NY.ADJ.NNTY.PC.CD","","","","","","","","","","","","","","","","","","","","","","","","","","","","","","2074.34445459726","2304.27812823519","2407.81388383277","2608.70120444402","2557.94474170845","2697.8302056221","3111.34941269113","3242.77124864839","3342.87128492306","3466.58158139984","3571.24093797144","3683.58825209151","3788.62664523893","4006.50430451903","4675.15704163135","5376.56657213619","5874.57789338611","6526.05987702974","7571.75434782187","8663.40138210225","7420.06117125702","7705.83387143922","8334.75658563258","8326.59943203022","8778.28846112759","9095.03208923474","8594.90516005707","8511.62203094893","9187.62491357707","9598.0180389413","9644.00582882928","8507.42749923048","9470.29479665014","","","","",
"Sao Tome and Principe","STP","Adjusted net national income per capita (current US$)","NY.ADJ.NNTY.PC.CD","","","","","","","","","","","","","","","","","","","","","","","","","","","","","","","","","","","","","","","","","","421.4738380968","460.698628066334","543.811968905589","604.561282933802","715.952575771819","769.361187416807","789.924840982233","960.893340307901","952.65610611722","988.166586288578","1163.73579213605","1199.38387553664","973.018286640053","1282.8442993956","913.944222940681","1115.17138614127","1283.91527923115","1431.94602795221","1484.62878751098","1699.15954669493","1919.47842396172","","","","",
"Suriname","SUR","Adjusted net national income per capita (current US$)","NY.ADJ.NNTY.PC.CD","","","","","","","","","","","","","","","","","","","","","1765.27182302779","2084.95324478691","2139.85119688591","2003.24236119354","1982.79245057504","1938.30046091355","1961.9107101297","2114.43017271623","2502.8045404987","1111.97065080338","759.313309689527","879.798663349755","771.098979909782","811.457676424035","1207.9261506668","1393.23518371361","1652.12991143904","1704.31897202799","2052.36423322296","1537.69054791286","1516.51317862837","1177.28088710029","1737.24018183833","2000.72724554465","2255.04603377136","2639.72025681285","3849.77290391139","4329.07809012531","5041.65494840458","5720.94997394562","5467.87100943889","4497.99418510318","5328.55006884081","6152.58291600764","6773.8705071438","7242.75939785142","3933.50064979308","3613.77034894658","4653.57737456812","4748.67207939129","3156.8889304821","3132.6744747162","","","","",
"Slovak Republic","SVK","Adjusted net national income per capita (current US$)","NY.ADJ.NNTY.PC.CD","","","","","","","","","","","","","","","","","","","","","","","","","","","","","","","","","","","","3154.62682137906","3556.05532629088","3588.49540465724","3940.02338118481","4009.08900538256","3834.72685414273","4168.8962898308","4841.70547133673","6144.11155252555","7850.25534452826","8920.30074386887","10211.9089151518","12715.450666748","15012.3616776634","13282.1292090697","13479.617100083","14577.7324310261","14119.20977086","14882.0585610957","15227.8366092846","13194.8270958768","13276.4374027188","14248.5916056472","15891.4839562883","15653.3082241243","15875.1156305025","17386.3393801483","","","","",
"Slovenia","SVN","Adjusted net national income per capita (current US$)","NY.ADJ.NNTY.PC.CD","","","","","","","","","","","","","","","","","","","","","","","","","","","","","","","","","","","","8866.38556450023","8816.6429517056","8506.33666877877","9056.42057108369","9342.00461429141","8153.55888836723","8430.81076331205","9454.25085572711","11914.5819673275","13735.101934917","14480.6951771195","15741.0180550202","18967.7122549357","21884.9053071497","19537.1956644121","18501.4963593885","19709.8852328883","17479.583018897","18184.3080704985","18948.9366946675","15900.3275630356","16741.1120482849","18495.236351116","20777.2067747752","20799.5597845233","20345.7761094132","23493.4748984427","","","","",
"Sweden","SWE","Adjusted net national income per capita (current US$)","NY.ADJ.NNTY.PC.CD","","","","","","","","","","","4162.1139133777","4508.96847624052","5296.04449866034","6413.20513421393","7050.94497337887","8849.70876519334","9468.32595677854","9859.67454399215","10825.3746884208","12757.2619795697","14680.6033834126","13275.5001832532","11593.4286090996","10583.844633165","11050.5207700377","11509.6134437477","15273.8260602927","18595.2799615379","20852.6606191983","21697.038439043","25680.5825849095","26549.2940411374","26897.0118038521","19711.1940067649","21623.4081108784","25357.1719087533","27555.7508842383","25246.4071120497","25552.0467324528","26206.5385407445","25025.3806730763","22859.3056282754","25085.752411422","31984.2553213704","36331.3847437036","37127.9803817871","40452.4096642975","46849.5373137718","48848.5867755917","39718.7947971792","45188.8555297413","51652.8181092811","49429.3923699191","52089.6352759408","51104.4307652468","43373.545425611","43610.186697005","45639.9405617351","46269.2086666443","44558.1229340654","45322.0070698567","51830.6266145746","","","","",
"Eswatini","SWZ","Adjusted net national income per capita (current US$)","NY.ADJ.NNTY.PC.CD","","","","","","","","","","","","","","","","","","","","","","","","","","","","","","","1202.71495550354","1205.59473562381","1286.65257998437","1269.09588011764","1229.29579165681","1567.46781436291","1492.30360364974","1546.10189987001","1323.11303416683","1317.56182338184","1432.56744711134","1327.35794726166","1115.36597043585","1689.88293063572","2197.92953348195","2732.38976225678","2645.87457174315","2792.68820769238","2523.879048948","2623.20204134089","3012.03665909451","3025.84324569895","2936.68165467725","2896.01588694127","2794.78295065172","2581.36607070639","2391.25675788402","2764.21100697621","3002.28567814411","2664.96216475814","2361.57569822248","2886.40997620246","","","","",
"Sint Maarten (Dutch part)","SXM","Adjusted net national income per capita (current US$)","NY.ADJ.NNTY.PC.CD","","","","","","","","","","","","","","","","","","","","","","","","","","","","","","","","","","","","","","","","","","","","","","","","","","","","","","","","","","","","","","","","","","",
"Seychelles","SYC","Adjusted net national income per capita (current US$)","NY.ADJ.NNTY.PC.CD","","","","","","","","","","","","","","","","","","","","","","","","","","","","","","","4669.08150053292","4576.00906427544","5497.73254010219","5860.84429961657","5926.05792736836","5881.0697625281","5742.12607796099","6334.16144481281","6581.38200166533","6532.64169309889","6311.23413271491","6587.35241422003","6564.84961748297","7058.83725255307","9165.31889234305","9907.91197162","10718.147833945","9958.31972621513","9006.17044511883","8053.51531364535","9049.84794262548","9931.30903399716","9920.33901018066","12257.3234126663","12397.8737005605","12366.6101701737","12565.3074912811","13164.3077498192","13828.2778744256","14365.2021208322","10722.8160783263","12252.2419252636","","","","",
"Syrian Arab Republic","SYR","Adjusted net national income per capita (current US$)","NY.ADJ.NNTY.PC.CD","","","","","","","","","","","","","","","","","","","","","","","","","","","","","","","","","","","","","","","","","3940.45122094942","4243.23549363172","4298.13062397336","4410.9624305608","5229.51961166215","5949.88743538186","6680.93595705647","7483.78046695071","8656.28878957699","8982.06493724407","9692.49389885916","2191.10529865878","1505.90434784592","799.071258401779","901.053686944039","729.221563600252","582.942037371116","764.123084538563","984.982554775681","1005.34445330686","479.305579656603","","","","","",
"Turks and Caicos Islands","TCA","Adjusted net national income per capita (current US$)","NY.ADJ.NNTY.PC.CD","","","","","","","","","","","","","","","","","","","","","","","","","","","","","","","","","","","","","","","","","","","","","","","","","","","","","","","21872.7405892621","23359.8988534072","24479.7729319357","22736.504233275","23373.0452144081","24053.093562084","17787.3353490485","18783.4671555078","","","","",
"Chad","TCD","Adjusted net national income per capita (current US$)","NY.ADJ.NNTY.PC.CD","","","","","","","","","","","","","","","","","","","","","189.110477366577","156.82318360298","136.977631049414","139.581891611994","155.901672757348","180.172003770947","174.698143718835","185.258932710552","232.409872611443","217.083045467071","254.011598435759","269.137668524109","258.511530758479","187.029698239069","145.100025911614","167.169754873208","179.657843006487","166.895244693506","185.81681001891","161.315881579805","136.982975223175","168.186309984109","179.588650555802","190.313367940405","224.054824855322","347.568171290346","380.39834073812","451.422517743636","501.166244221582","578.519919700126","635.709884053866","673.451211042858","677.238274035707","687.609795243968","747.247647502473","577.548394358774","503.872863786738","456.353487701057","509.798877059527","496.022884590142","440.526778208863","468.646631606942","","","","",
"East Asia & Pacific (IDA & IBRD countries)","TEA","Adjusted net national income per capita (current US$)","NY.ADJ.NNTY.PC.CD","","","","","","","","","","","102.979081888196","107.462580050896","118.142275662208","143.944481290747","155.23737435299","169.603473017234","166.616906717563","188.335100797416","178.903714458358","190.23082400142","213.365778198385","230.581596009394","243.660819399871","252.500313277608","272.375362364066","296.293800061793","289.135435921879","270.070963761168","308.557993714399","335.773869056854","350.011448908807","382.702265151218","424.878485593474","459.959661200368","550.262709768403","663.205407587627","750.780999953623","766.788321014519","682.828711138091","740.080639483806","795.626685112151","832.307848596311","921.62032327836","1031.46144780746","1168.47877303303","1326.08907890355","1580.71966678828","1977.30755945091","2418.5063757712","2655.77630630103","3117.91591824872","3662.05736040302","4142.98276318536","4480.93863794504","4824.56311492182","4978.09211480903","5063.75738751368","5504.46453009594","6001.47855089103","6148.20880306952","6118.48649063748","7160.38862992812","","","","",
"Europe & Central Asia (IDA & IBRD countries)","TEC","Adjusted net national income per capita (current US$)","NY.ADJ.NNTY.PC.CD","","","","","","","","","","","","","","","","","","","","","","","","","","","","","","","","","1301.69815139751","1336.70383250648","1222.86466529639","1411.20507258178","1559.12434725651","1638.42401261276","1669.15061771958","1492.05660294596","1629.67564312429","1639.96150561419","1845.54639269239","2260.19042212336","2952.54548335499","3716.36358382487","4484.6478241806","5854.32007828796","7173.31552739689","5676.91041993811","6705.67848536264","8044.44210229424","8396.09813133636","8833.91066546604","8292.13230123815","6549.80580056259","6235.28747952144","6917.57084118095","7104.71563255415","7203.59420798788","6882.91208395623","7678.03571351898","","","","",
"Togo","TGO","Adjusted net national income per capita (current US$)","NY.ADJ.NNTY.PC.CD","","","","","","","","","","","","111.205663887151","124.632942945919","142.921071576134","185.889816920936","204.183756946788","206.382445377378","228.621126116228","253.459043818377","266.599670730026","322.435456575791","254.05789393462","200.37763881177","182.513705488133","167.95901049615","179.165174944754","247.510545857499","286.796023153748","314.168975506706","300.728341640269","357.457924867155","337.490342506186","349.084987158938","247.234763948287","186.2215847956","240.943076627353","273.365610475104","274.073036430897","281.390520437023","279.718617486983","256.981282741408","249.209285387076","281.53171858181","331.895409932525","354.007632816425","344.807216649646","354.362358302372","371.513117231301","443.60023330905","432.38988921265","424.534823902151","468.332167095986","405.83660689036","475.331079612717","508.496609729457","476.992040803816","669.415072691078","693.103658690472","774.182700437659","769.872203876814","786.032529797336","832.309612794466","","","","",
"Thailand","THA","Adjusted net national income per capita (current US$)","NY.ADJ.NNTY.PC.CD","","","","","","","","","","","","183.635894983694","197.392259463234","257.530164876148","319.950127209112","337.636479909678","375.01594668237","427.061704292844","505.797771157149","560.989022544991","640.512737019895","668.969957366702","686.503045427946","740.425874812079","748.884705388328","675.086717871427","730.389364235173","846.252218866638","1019.78609067856","1179.93736741926","1344.52944349591","1523.17049386981","1696.88069850849","1930.17396069565","2152.84585554269","2431.50180479892","2550.31094261607","1989.3347186953","1415.41707008237","1596.36989413196","1575.22177545893","1458.45324502983","1638.20221396458","1847.10758162683","2088.73726106461","2254.58059817425","2653.91976258223","3157.44993023917","3397.77077926593","3291.45042583363","3939.98554068975","4297.93447743939","4432.88485064574","4545.13959958715","4414.57752298915","4349.37247868885","4506.62069846308","4972.56272191901","5459.50492197441","5929.27341001356","5441.47722591718","5393.01457363715","","","","",
"Tajikistan","TJK","Adjusted net national income per capita (current US$)","NY.ADJ.NNTY.PC.CD","","","","","","","","","","","","","","","","","","","","","","","","","","","","","","","","","","","","","","","","","","","","","241.549595371444","310.124880825828","436.825203964966","610.39316264207","837.238886743834","741.826425975293","767.838421666136","883.221975073138","1034.25035749435","1120.97570075284","1169.44365635036","1029.79225714224","842.670488286255","897.277409106817","879.762204991803","891.049573819219","850.794369606407","908.578935853794","","","","",
"Turkmenistan","TKM","Adjusted net national income per capita (current US$)","NY.ADJ.NNTY.PC.CD","","","","","","","","","","","","","","","","","","","","","","","","","","","","","","","","","","","","","","","486.425362079643","392.031990322615","263.401821467937","299.974341885938","476.343313926656","653.665529688947","753.634496794594","774.494369749439","940.479294069736","1439.07028045935","1845.2851233474","2525.46919150125","2680.16277493762","3062.0726371186","","","","","","","4388.05104725539","5005.01090716805","","","","","","",
"Latin America & the Caribbean (IDA & IBRD countries)","TLA","Adjusted net national income per capita (current US$)","NY.ADJ.NNTY.PC.CD","","","","","","","","","","","526.103400911796","578.415347828927","630.958288537215","812.836170399713","1017.05389181869","1035.97303433497","1119.71272143525","1206.46041526353","1323.5338903934","1500.42735370002","1753.02347369851","1994.244696499","1782.66007610471","1481.6516675814","1450.86040040113","1403.44185815242","1405.23261565624","1443.16846695242","1608.26108186818","1731.62059654141","1978.55173282634","2164.32852225525","2348.47657633477","2709.54554946065","3116.63975282186","3323.72969629342","3573.55387152271","3854.20258638523","3802.86619770701","3295.46985584826","3564.60603973073","3432.37943662946","2986.56074347901","2968.87549330368","3358.63242945332","4003.30355219434","4676.38657679214","5530.30941124988","6355.65950444526","5889.04011164383","7179.18639124356","7938.73136478274","7874.94221583617","8056.67912891671","8136.16650418117","6827.92586610894","6551.81494267001","7261.59033406417","6935.53948798779","6795.86758892211","5685.09763809636","6323.34915928716","","","","",
"Timor-Leste","TLS","Adjusted net national income per capita (current US$)","NY.ADJ.NNTY.PC.CD","","","","","","","","","","","","","","","","","","","","","","","","","","","","","","","","","","","","","","","","","","","","694.663764842594","","","","","","","","","","","","1341.24987366833","1217.24954320612","1241.93260377125","1022.91061728881","1406.78611028602","1201.19346450575","417.852874646055","","","","",
"Middle East, North Africa, Afghanistan & Pakistan (IDA & IBRD)","TMN","Adjusted net national income per capita (current US$)","NY.ADJ.NNTY.PC.CD","","","","","","","","","","","","","","","","","","","","","","","","","","","","","","","","","","707.140352253957","725.248704797126","844.091764040045","928.498287487173","954.396278169576","974.865500929748","1008.65728481893","1053.00090869225","1065.33394478447","1042.99020673148","1113.01785353364","1279.42061033151","1428.95147640866","1636.46872029389","1971.40040230963","2328.28610624684","2314.80430868469","2571.20029001186","2601.39095856443","2738.06205318428","2513.91962581096","2478.82717580397","2325.39366146234","2413.44712260331","2350.51202153924","2179.34099720954","2128.17379247626","1975.52526863764","2201.56287265225","","","","",
"Tonga","TON","Adjusted net national income per capita (current US$)","NY.ADJ.NNTY.PC.CD","","","","","","","","","","","","","","","","","","","","","","632.38862255343","625.430647970799","599.386350829907","635.29977654165","597.151793675091","686.030201892184","807.672732737669","1078.40381624551","1038.17202359767","1087.86853711517","1259.33472925324","1293.91215748392","1304.35582295472","1898.94081925981","1945.69486486274","2085.17569640191","2023.86536137464","1808.75575741861","1859.29177222601","1851.12116613723","1611.79758758528","1650.19158593307","1788.69338333683","2032.75327688031","2261.40941214568","2580.04662408052","2615.27883839251","3017.22800727367","2769.19410870463","3225.14880971055","3620.13643908588","4115.87961239149","3944.05431854213","3796.40278252062","3788.99514584215","3649.47142785266","4143.64805813434","4503.7837235606","4809.50498122583","4551.75928879346","4284.02186055023","","","","",
"South Asia (IDA & IBRD)","TSA","Adjusted net national income per capita (current US$)","NY.ADJ.NNTY.PC.CD","","","","","","","","","","","103.105273321372","108.746861463777","113.122905373316","131.59689416997","153.189582821354","155.725583438029","145.40157478241","163.235505988096","181.649063766896","199.48483321848","237.719242441825","241.224090700929","239.780836014912","253.02284589678","242.423809883556","258.630085977501","270.112776639632","293.973937940251","306.49402746327","299.409092304471","316.885152550772","266.535261270236","277.360159718561","268.188372949202","304.589578899649","329.225923013857","356.867021373938","370.115478012046","370.38728015518","391.081068303853","389.727560622895","396.116307809557","411.454763893801","474.046951643258","536.544218753724","604.812569550892","676.640573774134","850.676820186646","832.140332132865","931.444283540081","1132.55057279078","1217.81816128","1211.67606493486","1229.59469228644","1340.30819868049","1388.56947813667","1513.562916865","1731.17180198009","1756.73658004858","1843.02987240204","1723.39177270632","1986.80405080464","","","","",
"Sub-Saharan Africa (IDA & IBRD countries)","TSS","Adjusted net national income per capita (current US$)","NY.ADJ.NNTY.PC.CD","","","","","","","","","","","","175.430978111208","191.149763660251","238.200353886035","289.921507889075","311.49100734397","326.373084225791","335.199209994919","368.446258695736","402.082856984976","524.6496034958","810.082420304379","719.923572725353","602.882491167109","508.538313926249","448.140375736316","445.892488941547","485.747983421763","497.786217123213","469.182145650824","515.138830999483","526.980129070384","509.504402557586","461.544138390004","437.036868175463","497.50452980758","503.94720006756","512.462796764748","488.735006220628","486.64036236008","479.950167625179","449.120530213119","479.216773223516","590.384939927032","711.981912048691","807.340324679001","942.86092694261","1030.67748375071","1097.43355346275","1097.88515895052","1232.19249480166","1331.52771425881","1376.78296775465","1445.67803796596","1518.64422779669","1357.2684542924","1240.61346685219","1292.46908777056","1298.51911433068","1293.40965329028","1210.18634744096","1286.74192196078","","","","",
"Trinidad and Tobago","TTO","Adjusted net national income per capita (current US$)","NY.ADJ.NNTY.PC.CD","","","","","","","","","","","667.623692465852","712.982166526814","835.61571795168","998.958457952339","1082.11798352755","1589.14338438896","1515.06370328911","1984.84439119864","2425.4966377556","2398.19589114721","3431.1562053475","4049.73815372083","5884.14961460162","5341.48709487384","5044.79438079154","4572.30161137329","3016.87962624588","2642.46569134779","2637.12070137754","2268.75050393076","2638.80128393404","2980.0881440234","3024.50150996326","2611.69885000485","2734.10026925226","3006.75608181169","3030.0029078578","3178.65486410431","3583.11426856334","3855.59816402323","4388.6970475147","5016.71464233721","5043.67837494051","6103.0744223171","7681.10388695692","8752.36627312178","9592.65760116862","11792.3113785676","15740.6692280888","9958.83848705784","11680.7657180305","10886.1816123318","12059.2410508892","13773.0504405006","15701.4236640077","16451.3872957202","14102.5327092694","14519.0883618037","13749.0650161521","13523.1394036934","12394.7286305631","15142.8168882019","","","","",
"Tunisia","TUN","Adjusted net national income per capita (current US$)","NY.ADJ.NNTY.PC.CD","","","","","","","","","","","248.341693390015","286.603343012659","372.754555455979","435.377635789185","540.386390934886","643.548115482282","644.33292446767","698.352692876949","800.337586015651","892.999999902863","1061.7637093139","1016.14363529724","965.680294325063","966.909174432207","918.056929110863","895.214095942609","952.650021800231","995.65578363282","1031.27922028513","1006.67141291338","1226.78312607433","1254.76125397793","1331.54634676928","1207.47058251279","1289.77287400178","1488.52785674102","1582.67011720432","1705.83934207864","1790.63071576876","1863.04182904296","1703.89721062731","1767.7236429236","1825.1714378655","2170.66133978318","2434.28795013666","2432.28399626003","2574.36595197676","2807.89780682694","3090.02754422006","3059.18053184751","3274.44621044787","3334.69499654786","3220.76509626597","3324.96012072812","3531.50959343833","3310.48438181382","3211.36262987419","3021.43445694902","3052.03366254809","2994.61456693975","2982.86785212874","3285.41977717876","","","","",
"Turkiye","TUR","Adjusted net national income per capita (current US$)","NY.ADJ.NNTY.PC.CD","","","","","","","","","","","394.977451901211","368.597366183351","444.588801957244","549.414238857268","745.052428934965","919.573778462554","1030.63284527947","1159.05266188527","1258.11511889282","1682.28852453265","1260.09788441089","1270.51389172684","1127.14445405393","1050.32227305165","997.057628107596","1095.61526013583","1208.21898161874","1338.26665340543","1352.58907892117","1593.38025965236","2230.68110060121","2173.38773661434","2262.75315330867","2546.26428603116","1765.38370727854","2284.82806898572","2422.5787731472","2507.67594752696","3613.11762117998","3270.85510114989","3462.85770869955","2427.77849288129","2865.1920204052","3764.39676339232","4897.89768823018","6059.75663652958","6615.69629619718","8093.66040175514","9024.59580737861","7429.9722239224","8905.31661201184","9534.73734440973","9895.72876831683","10665.1872018902","10269.2934082314","9294.2728117552","9193.57420566561","8921.21121974112","8063.60119778653","7621.52312657109","7197.80195462463","","","","","",
"Tuvalu","TUV","Adjusted net national income per capita (current US$)","NY.ADJ.NNTY.PC.CD","","","","","","","","","","","","","","","","","","","","","","","","","","","","","","","","","","","","","","","","","","","","","","","","","","","","","","","","","","","","","","","","","","",
"Tanzania","TZA","Adjusted net national income per capita (current US$)","NY.ADJ.NNTY.PC.CD","","","","","","","","","","","","","","","","","","","","","","","","","","","","","157.853775024414","133.671020507813","124.326881408691","142.47102355957","126.184448242188","111.36173248291","116.291137695313","133.523696899414","167.488861083984","198.7685546875","317.962005615234","324.840026855469","335.638946533203","330.050750732422","344.291015625","360.849273681641","387.474639892578","418.759368896484","420.452606201172","471.202667236328","584.149719238281","573.421936035156","590.65869140625","597.981872558594","629.660888671875","745.864013671875","820.140991210938","776.325134277344","794.671997070313","837.189514160156","895.013122558594","953.716186523438","938.840087890625","971.620056152344","","","","",
"Uganda","UGA","Adjusted net national income per capita (current US$)","NY.ADJ.NNTY.PC.CD","","","","","","","","","","","","","","","","","","","","","41.4864674642672","51.8815888447535","92.4578585587363","110.001848033234","195.36506025874","189.763820011875","197.017824804439","328.158388158467","329.038530774089","250.534751727556","183.3430176097","127.939821546399","97.4650007588286","118.431646311325","146.32269797287","204.733551864474","211.29768981528","219.323363388614","224.850486948223","208.980712439481","206.23562626517","184.722182972858","187.396197459094","177.538927331913","221.45890715202","253.993567730306","269.274363771579","300.274582189524","348.309527667334","636.310127204543","653.09556630604","639.725790235336","568.608749188006","594.638240262462","668.026926806577","657.898784866267","568.897814292872","589.103451678133","612.64879038039","624.822797773614","636.504446160616","654.12575637693","","","","",
"Ukraine","UKR","Adjusted net national income per capita (current US$)","NY.ADJ.NNTY.PC.CD","","","","","","","","","","","","","","","","","","","","","","","","","","","","","","","","","","","","728.552673339844","676.754943847656","775.765991210938","650.369384765625","486.018096923828","488.089263916016","609.498474121094","689.938659667969","820.34228515625","1090.3232421875","1488.48547363281","1873.92687988281","2552.73315429688","3234.47412109375","2021.95104980469","2436.32739257813","2911.00708007813","3354.85131835938","3474.39892578125","2608.80590820313","1908.15344238281","1884.49853515625","2310.20092773438","2690.02978515625","3197.59155273438","3279.91259765625","3918.818359375","","","","",
"Upper middle income","UMC","Adjusted net national income per capita (current US$)","NY.ADJ.NNTY.PC.CD","","","","","","","","","","","181.056183717955","193.78872799394","214.815305233903","273.664176675516","329.568918327818","355.881366761662","374.008714333783","409.274200553918","425.942092530853","484.649820371776","542.697523285575","596.99834768102","577.541874938858","552.902106634597","568.048210388481","576.272405759869","594.098352162937","573.316460288531","623.136076570862","673.634844899201","789.541298201673","841.714504289031","914.284439969784","1027.8481553785","1158.26262599977","1305.94935950408","1430.10906635825","1503.18996697784","1458.16587708822","1384.6335513433","1487.81868853804","1466.91888648307","1470.61819244457","1621.49325708052","1877.76227605753","2190.99842693751","2568.17880538895","3144.50526376769","3700.94581347589","3700.18056296734","4402.96002443492","5099.40516944836","5439.95397769661","5699.05824114108","5889.24745510088","5644.09701727779","5625.05328449405","6135.06238232179","6367.6158178891","6419.72844033724","6115.40959663322","7132.83870760364","","","","",
"Uruguay","URY","Adjusted net national income per capita (current US$)","NY.ADJ.NNTY.PC.CD","","","","","","","","","","","","954.649733652948","736.138954052793","1247.69491938613","1359.60585927788","1142.32223808535","1173.73740550862","1312.2994301167","1555.90249092869","2284.02286262311","3117.79521032339","3505.62571221613","2849.17436809884","1539.17167633762","1431.54052665984","1395.50390550005","1799.24264128852","2288.9128663618","2535.90972277929","2579.48758239512","2830.99790689795","3452.62054019333","3993.3630832006","4633.26792610858","5375.08642975769","5887.17142168973","6251.91240316596","7292.20051946242","7677.59628577153","7215.74721481127","6809.49216466662","6205.30887082542","4044.41315382509","3410.35913501901","3875.76795791326","5007.3903295534","5685.94094817024","6805.54410544202","8730.59340499925","8967.09402716101","11308.9778354042","13377.3168420144","13468.9150610945","15370.2184385514","15010.8655851817","14193.595040802","15101.8509102972","16722.1828757322","16601.6333739161","15913.7764425847","13782.9033457083","14718.5878720984","","","","",
"United States","USA","Adjusted net national income per capita (current US$)","NY.ADJ.NNTY.PC.CD","","","","","","","","","","","4553.44316646072","4862.80195684674","5308.05914620474","5879.22209742611","6121.83549416457","6530.88909661212","7209.04186938826","7948.15640062496","8893.57427788849","9517.84107320659","10117.1180735584","11452.0574975826","12043.7069028654","12770.5164862626","14283.9047668285","15165.045482616","15855.9010106145","16750.1109720742","18162.2872518976","19138.5568943266","19905.2628412457","20284.2399230542","21195.5370280152","21893.2226048749","23103.5614040243","24106.7732257446","25325.9747124502","26804.1872210244","28277.5950884838","29584.4215834984","31166.9381412414","31888.818031456","32505.7038024844","33555.3389578932","35535.1868984932","37454.4722469241","39721.62665009","40525.8197474918","40165.5509788941","39149.3111472822","41121.4835155995","42638.6496995193","44694.9383476126","45618.9320251633","47503.2640533693","48913.853095805","49368.5132965417","51237.7952460454","53580.8506695435","55301.012168174","53863.9016226739","58997.3355905177","","","","",
"Uzbekistan","UZB","Adjusted net national income per capita (current US$)","NY.ADJ.NNTY.PC.CD","","","","","","","","","","","","","","","","","","","","","","","","","","","","","","","","","","","","","","","561.92755764684","623.877646532343","447.157279406512","332.285125272437","290.628667104206","297.245897435351","363.076719316954","440.845534384652","478.537534731781","664.272004884738","821.091707098887","974.856236162155","1441.56539869506","1667.13084700398","1846.51367639234","2003.06264843472","2239.18456758233","2416.42223743748","2358.76135970268","1651.41715830271","1303.39717853851","1473.2156412856","1422.76002217429","1457.84675888408","","","","",
"St. Vincent and the Grenadines","VCT","Adjusted net national income per capita (current US$)","NY.ADJ.NNTY.PC.CD","","","","","","","","","","","","","","","","","","","","","752.001538311873","929.947215222483","1010.28136966501","1085.86788665683","1187.26294523546","1271.11032103674","1347.92524485805","1507.48515797559","1658.43962975723","1808.05692891968","1977.95868980913","2098.94515342312","2325.91032641158","2388.10385290597","2384.97648724728","2608.48965016834","2758.23158143919","2858.92717138178","3057.69837588168","3135.1055494575","3473.20899678019","3749.97060039124","3955.9478581915","4076.8897632183","4356.00425679849","4601.27140073699","5164.92317508315","5722.73786656624","5819.62292983309","5637.12022512138","5506.98796917693","5313.95806144085","5473.70090189201","5779.79984213158","5647.28940072152","6049.35440757437","6361.82923126592","6669.05699904745","7042.60096725815","7227.39470214498","6985.74063759888","7285.53156976615","","","","",
"Venezuela, RB","VEN","Adjusted net national income per capita (current US$)","NY.ADJ.NNTY.PC.CD","","","","","","","","","","","832.871875233217","868.852203098047","931.561116164426","1056.49428128902","1262.68710868194","1512.83689723737","1713.22030803351","2000.19796285876","2064.42072302092","1984.04087715415","2470.30391551924","2963.81369440167","3108.49693922645","2895.78936562785","2488.4341286013","2652.83777143572","2579.46820285539","1931.19039822753","2439.92280109052","1566.81389677836","1761.65372030944","2026.77078836211","2241.14131488595","2129.29542204288","1976.00500416695","2617.86262573314","2221.47770032189","2722.33528967941","2913.78572019134","3064.79336604011","3632.81745831756","3753.21187427612","2667.21933205431","2339.05681760389","3194.69587151723","4167.88558171369","5354.09895496264","6947.26595927638","9503.10700270624","9434.80058742693","11022.3598101917","8367.27537414705","9824.77146880208","9236.17042800221","11724.2845204019","","","","","","","","","","","",
"British Virgin Islands","VGB","Adjusted net national income per capita (current US$)","NY.ADJ.NNTY.PC.CD","","","","","","","","","","","","","","","","","","","","","","","","","","","","","","","","","","","","","","","","","","","","","","","","","","","","","","","","","","","","","","","","","","",
"Virgin Islands (U.S.)","VIR","Adjusted net national income per capita (current US$)","NY.ADJ.NNTY.PC.CD","","","","","","","","","","","","","","","","","","","","","","","","","","","","","","","","","","","","","","","","","","","","","","","","","","","","","","","","","","","","","","","","","","",
"Viet Nam","VNM","Adjusted net national income per capita (current US$)","NY.ADJ.NNTY.PC.CD","","","","","","","","","","","","","","","","","","","","","","","","","","","","","","92.975226653232","83.9230358669634","127.031919834998","128.837328844399","170.316596635481","210.810639136464","270.623224653685","313.596524197923","334.519624695047","333.381938712625","338.812475250495","349.760105578554","363.339554101966","382.453450873383","417.981614925993","449.331959570708","552.121051538184","617.712722283293","716.621697255939","887.39597730272","935.394859183085","1318.75979228789","1527.12297100135","1725.80835488176","1888.89055203514","2051.71374763876","2079.35905774231","2203.40076897206","2375.67591177314","2612.74734206203","2788.68575249066","2898.32779254381","2992.41537543546","","","","",
"Vanuatu","VUT","Adjusted net national income per capita (current US$)","NY.ADJ.NNTY.PC.CD","","","","","","","","","","","","","","","","","","","","","826.951448871306","759.237931599276","709.662463752464","751.982228559025","922.381606932294","842.805962867969","821.053187330878","786.749764524212","915.229756523921","941.602008008373","1040.50618994825","1062.99225189612","1046.5705129538","981.100245823539","1092.1514366196","1147.74308945443","1216.73479268384","1263.07205441278","1306.91241760667","1325.21110427341","1270.40476291894","1223.25650286455","1177.41031139316","1366.62084114401","1539.46298821788","1600.48260652467","1783.60222805492","2035.04706913776","2385.71289369937","2233.92535502486","2470.05592573669","2804.42282382748","2591.6087070208","2741.09263850916","2771.32973509906","2568.12114482678","2695.37078344756","2892.48802403667","3029.91929581793","3213.10280923101","3045.28621908963","3159.75742782157","","","","",
"World","WLD","Adjusted net national income per capita (current US$)","NY.ADJ.NNTY.PC.CD","","","","","","","","","","","695.914192417619","751.094767491145","849.028308785965","1012.60586594829","1116.6210393302","1219.20564408735","1299.1960477747","1439.24703277383","1670.32868850384","1859.72554505079","2036.92112737496","2085.42277855698","2041.17039343463","2036.72178900522","2087.4658297754","2148.61325064093","2507.82365530336","2795.83344363566","3094.49345600436","3163.27081797006","3486.44768109442","3611.74073211545","3818.85236578324","3806.06029422155","4062.34850381248","4457.98836486194","4510.04570561817","4443.13340196123","4396.70648769197","4484.41979956052","4552.53015052315","4471.07333948282","4576.2903682773","5056.19601233134","5629.33584094725","5998.5860705095","6441.65240895809","7131.63267036485","7605.15923544912","7152.59551512447","7758.97347584704","8437.71878387507","8561.82719676473","8680.66505272013","8848.30970742851","8281.95372217338","8314.20983362608","8758.64357005751","9131.18058671756","9155.73103251323","8731.07992130821","9708.01331615621","","","","",
"Samoa","WSM","Adjusted net national income per capita (current US$)","NY.ADJ.NNTY.PC.CD","","","","","","","","","","","","","","","","","","","","","","","493.733351946219","458.001603053208","409.621695259163","348.964756828595","371.354830016936","419.279766200511","467.675563620181","424.296192830852","448.367378176644","439.983325786433","","","","","","","","","","","1263.56340631081","1473.60654918799","1806.09863531436","2099.38381969308","2209.88329369011","2568.68767072079","2859.98268857993","2839.02954151036","3096.99519028522","3341.71424120863","3469.68444374116","3547.70898561574","3484.39912227573","3630.76011627672","3680.72027601097","3802.33110067315","3743.02051514712","3824.03161411155","3606.04531665576","3538.93524852183","","","","",
"Kosovo","XKX","Adjusted net national income per capita (current US$)","NY.ADJ.NNTY.PC.CD","","","","","","","","","","","","","","","","","","","","","","","","","","","","","","","","","","","","","","","","","","","","","","","","","","","","","","","","","","","","","","","","","","",
"Yemen, Rep.","YEM","Adjusted net national income per capita (current US$)","NY.ADJ.NNTY.PC.CD","","","","","","","","","","","","","","","","","","","","","","","","","","","","","","","331.723486661117","329.444291604332","370.556704949395","286.612409159305","184.264942006043","170.378068981961","217.02457896794","260.723903887693","260.121805379874","270.850602046836","294.487350153531","323.107445140424","344.433518811718","358.748427104873","389.639770956343","432.573635548209","509.320139637018","590.089515151845","697.804240772117","741.216799678333","857.11081307402","889.493208925571","1019.78490920643","1172.30893103716","1215.00417074727","1250.51722207889","927.102983217957","770.607905319601","601.541198339663","","","","","","","",
"South Africa","ZAF","Adjusted net national income per capita (current US$)","NY.ADJ.NNTY.PC.CD","","","","","","","","","","","","863.783736260449","871.903916551529","1157.03197890588","1382.43536365784","1357.43022480405","1238.18181880874","1311.63877773907","1451.74514276683","1689.68130056879","2266.1715164734","2306.43953180574","2032.19837071094","2206.45962796738","1943.0492771741","1346.51413556674","1489.13060421838","1957.76424968665","2070.59435478448","2102.39714160847","2404.13991328017","2577.59700027564","2801.94864476907","2781.72511731858","2865.26832084275","3194.25843774207","2987.53662145668","3075.71798443155","2750.17426848421","2691.51680240591","2656.25521890843","2312.45265567408","2209.87685558231","3386.63600821776","4357.49043807754","4881.94027227567","5045.05919187081","5334.00992114111","4767.05887607161","5202.78403288213","6452.33536276352","6933.29980315517","6513.70676196768","5889.12063464434","5559.07100567993","5051.03503831485","4613.22018645003","5410.82562041276","5615.65452107586","5311.80441687553","4522.84001255307","5520.94799061464","","","","",
"Zambia","ZMB","Adjusted net national income per capita (current US$)","NY.ADJ.NNTY.PC.CD","","","","","","","","","","","","257.902236878629","280.367614344836","268.83802418473","406.441683522264","358.077259435378","349.507348208351","330.456312067333","372.864378269258","403.666806461271","458.795840138038","513.882908683869","496.037134297309","379.498834552764","294.655713487152","228.116303665663","126.599050288351","181.717425514371","307.215225376955","321.174585838296","259.908446922503","278.987487167313","261.742772584367","278.956156876457","314.013247605174","309.839858570027","286.640333248721","341.412143684455","265.28687352561","261.401807575679","257.421405982197","294.562764056838","289.631503576648","319.351276082766","377.813608739748","486.039517827435","682.221142000889","688.941663414731","940.023613478814","833.974000131827","986.16101080267","1169.48491963674","1329.50791519421","1394.07251066492","1361.68346189524","1040.46877283228","979.960863480569","1129.38635629236","1134.04609888327","1003.09511870682","693.425361843464","610.556200427829","","","","",
"Zimbabwe","ZWE","Adjusted net national income per capita (current US$)","NY.ADJ.NNTY.PC.CD","","","","","","","","","","","","350.983482985805","424.24793554469","510.29476927904","587.358370916566","618.669520207977","578.029532068027","560.724735753607","570.002645980965","659.673447757782","761.774670135921","912.941933080135","861.904167620376","767.74274895598","632.891039254181","530.132416746025","532.066214417153","545.983720135078","612.140891884055","659.489087435933","654.91914170504","602.068949558889","425.769067174222","423.914729770118","411.494470904744","400.694799728617","519.953806992951","457.273897127148","282.011413729118","336.321389542516","306.833691535569","331.363072994458","312.856005284611","266.450858330146","229.568031400376","223.828187719734","158.235946138245","119.859519413723","18.5252916266247","563.262076087007","701.696422576962","765.566001364165","938.185417387593","1082.23772931043","1055.12331604719","1069.74269166441","1071.23567610965","903.872574847463","1982.94353788302","1224.80394223146","1171.84883657955","1490.55030945387","","","","",
